Empresa,Id,Tipo
Seisa Servicios y Tecnología,FSST-194-2022,supplier
Seisa Servicios y Tecnología,FSST-186-2022,supplier
Gentor,FGEN-1023-2022,supplier
Gentor,FGEN-1055-2022,supplier
Rec y Disp de Desechos Amb S.A. de C.V.,FECO-578-2022,supplier
Sistemas de Energía Internacional,FSEI-2473-2022,supplier
Rec y Disp de Desechos Amb S.A. de C.V.,FECO-602-2022,supplier
Rec y Disp de Desechos Amb S.A. de C.V.,FECO-562-2022,supplier
Rec y Disp de Desechos Amb S.A. de C.V.,FECO-594-2022,supplier
Rec y Disp de Desechos Amb S.A. de C.V.,FECO-595-2022,supplier
Sistemas de Energía Internacional,FSEI-2475-2022,supplier
Rec y Disp de Desechos Amb S.A. de C.V.,FECO-559-2022,supplier
Rec y Disp de Desechos Amb S.A. de C.V.,FECO-563-2022,supplier
Rec y Disp de Desechos Amb S.A. de C.V.,FECO-564-2022,supplier
Rec y Disp de Desechos Amb S.A. de C.V.,FECO-569-2022,supplier
Domos Telecomunicaciones S.A. de C.V.,FDT-451-2022,supplier
Gentor,FGEN-1032-2022,supplier
Gentor,FGEN-1043-2022,supplier
Sistemas de Energía Internacional,FSEI-2347-2022,supplier
SSNL Servicios Sustentables NL,ABNL-97-2022,supplier
SSNL Servicios Sustentables NL,ABNL-98-2022,supplier
SSNL Servicios Sustentables NL,ABNL-99-2022,supplier
Domos Telecomunicaciones S.A. de C.V.,FDT-452-2022,supplier
Rec y Disp de Desechos Amb S.A. de C.V.,FECO-663-2022,supplier
Inge y Mejor Ambiental S.A. de C.V.,FHYD-643-2022,supplier
Inge y Mejor Ambiental S.A. de C.V.,FHYD-647-2022,supplier
Ingenieria y Mejoramiento Ambiental,FHYD-779-2022,supplier
Ingenieria y Mejoramiento Ambiental,FHYD-778-2022,supplier
Ingenieria y Mejoramiento Ambiental,AHYD-11-2022,supplier
Sistemas de Energía Internacional,FSEI-2481-2022,supplier
Sistemas de Energía Internacional,FSEI-2483-2022,supplier
Sistemas de Energía Internacional,FSEI-2484-2022,supplier
SSNL Servicios Sustentables NL,FBNL-971-2022,supplier
SSNL Servicios Sustentables NL,ABNL-100-2022,supplier
SSNL Servicios Sustentables NL,ABNL-103-2022,supplier
Sistemas de Energía Internacional,FSEI-2356-2022,supplier
Domos Telecomunicaciones S.A. de C.V.,FDT-447-2022,supplier
SSNL Servicios Sustentables NL,ABNL-104-2022,supplier
SSNL Servicios Sustentables NL,FBNL-955-2022,supplier
SSNL Servicios Sustentables NL,FBNL-760-2022,supplier
SSNL Servicios Sustentables NL,FBNL-867-2022,supplier
Rec y Disp de Desechos Amb S.A. de C.V.,FECO-557-2022,supplier
Rec y Disp de Desechos Amb S.A. de C.V.,FECO-558-2022,supplier
Rec y Disp de Desechos Amb S.A. de C.V.,FECO-567-2022,supplier
Rec y Disp de Desechos Amb S.A. de C.V.,FECO-570-2022,supplier
Rec y Disp de Desechos Amb S.A. de C.V.,FECO-588-2022,supplier
Rec y Disp de Desechos Amb S.A. de C.V.,FECO-597-2022,supplier
SSNL Servicios Sustentables NL,FBNL-868-2022,supplier
Seisa Servicios y Tecnología,FSST-195-2022,supplier
Seisa Servicios y Tecnología,FSST-178-2022,supplier
Seisa Servicios y Tecnología,FSST-172-2022,supplier
Gentor Servicios,FGS-561-2022,supplier
SERVICIOS CORPORATIVOS GENTOR,2586,supplier
Gentor,FGEN-1046-2022,supplier
Gentor,FGEN-1045-2022,supplier
SSNL Servicios Sustentables NL,FBNL-870-2022,supplier
SSNL Servicios Sustentables NL,FBNL-845-2022,supplier
SSNL Servicios Sustentables NL,FBNL-871-2022,supplier
Seisa Servicios y Tecnología,FSST-179-2022,supplier
Sistemas de Energía Internacional,FSEI-2345-2022,supplier
Sistemas de Energía Internacional,FSEI-2349-2022,supplier
Sistemas de Energía Internacional,FSEI-2350-2022,supplier
Sistemas de Energía Internacional,FSEI-2355-2022,supplier
Sistemas de Energía Internacional,FSEI-2357-2022,supplier
Sistemas de Energía Internacional,FSEI-2359-2022,supplier
Sistemas de Energía Internacional,FSEI-2351-2022,supplier
Sistemas de Energía Internacional,FSEI-2354-2022,supplier
Sistemas de Energía Internacional,FSEI-2358-2022,supplier
Sistemas de Energía Internacional,FSEI-2360-2022,supplier
Sistemas de Energía Internacional,FSEI-2362-2022,supplier
Sistemas de Energía Internacional,FSEI-2363-2022,supplier
Sistemas de Energía Internacional,FSEI-2364-2022,supplier
Sistemas de Energía Internacional,FSEI-2365-2022,supplier
Sistemas de Energía Internacional,FSEI-2366-2022,supplier
SSNL Servicios Sustentables NL,FBNL-795-2022,supplier
SSNL Servicios Sustentables NL,FBNL-796-2022,supplier
SSNL Servicios Sustentables NL,FBNL-801-2022,supplier
SSNL Servicios Sustentables NL,FBNL-802-2022,supplier
SSNL Servicios Sustentables NL,FBNL-803-2022,supplier
SSNL Servicios Sustentables NL,FBNL-799-2022,supplier
SSNL Servicios Sustentables NL,FBNL-800-2022,supplier
Sistemas de Energía Internacional,FSEI-2279-2022,supplier
Servicios Corporativos Gentor S.A. de C.,2588,supplier
"Land Operation, S.A. de C.V.",FLAN-156-2022,supplier
Gentor Servicios,FGS-566-2022,supplier
Gentor Servicios,FGS-567-2022,supplier
Gentor,FGEN-1039-2022,supplier
Gentor,FGEN-1047-2022,supplier
SSNL Servicios Sustentables NL,FBNL-925-2022,supplier
Rec y Disp de Desechos Amb S.A. de C.V.,FECO-609-2022,supplier
Rec y Disp de Desechos Amb S.A. de C.V.,FECO-610-2022,supplier
Gentor,FGEN-1012-2022,supplier
Sistemas de Energía Internacional,FSEI-2391-2022,supplier
Sistemas de Energía Internacional,FSEI-2392-2022,supplier
Sistemas de Energía Internacional,FSEI-2425-2022,supplier
Rec y Disp de Desechos Amb S.A. de C.V.,FECO-620-2022,supplier
Rec y Disp de Desechos Amb S.A. de C.V.,FECO-607-2022,supplier
Rec y Disp de Desechos Amb S.A. de C.V.,FECO-608-2022,supplier
Rec y Disp de Desechos Amb S.A. de C.V.,FECO-618-2022,supplier
Rec y Disp de Desechos Amb S.A. de C.V.,FECO-619-2022,supplier
Sistemas de Energía Internacional,FSEI-2394-2022,supplier
Sistemas de Energía Internacional,FSEI-2393-2022,supplier
Rec y Disp de Desechos Amb S.A. de C.V.,FECO-613-2022,supplier
SSNL Servicios Sustentables NL,ABNL-76-2022,supplier
Rec y Disp de Desechos Amb S.A. de C.V.,FECO-606-2022,supplier
Sistemas de Energía Internacional,FSEI-2466-2022,supplier
Sistemas de Energía Internacional,FSEI-2521-2022,supplier
Gentor,FGEN-1070-2022,supplier
Rec y Disp de Desechos Amb S.A. de C.V.,FECO-612-2022,supplier
Rec y Disp de Desechos Amb S.A. de C.V.,FECO-611-2022,supplier
Rec y Disp de Desechos Amb S.A. de C.V.,FECO-617-2022,supplier
Gentor,FGEN-1071-2022,supplier
Sistemas de Energía Internacional,FSEI-2517-2022,supplier
Sistemas de Energía Internacional,FSEI-2520-2022,supplier
Sistemas de Energía Internacional,FSEI-2519-2022,supplier
Sistemas de Energía Internacional,FSEI-2518-2022,supplier
Sistemas de Energía Internacional,FSEI-2266-2022,supplier
Sistemas de Energía Internacional,FSEI-2456-2022,supplier
Sistemas de Energía Internacional,FSEI-2416-2022,supplier
Sistemas de Energía Internacional,FSEI-2415-2022,supplier
Rec y Disp de Desechos Amb S.A. de C.V.,FECO-601-2022,supplier
SSNL Servicios Sustentables NL,FBNL-879-2022,supplier
SSNL Servicios Sustentables NL,FBNL-880-2022,supplier
SSNL Servicios Sustentables NL,FBNL-862-2022,supplier
SSNL Servicios Sustentables NL,FBNL-903-2022,supplier
Sistemas de Energía Internacional,FSEI-2371-2022,supplier
SSNL Servicios Sustentables NL,FBNL-918-2022,supplier
Rec y Disp de Desechos Amb S.A. de C.V.,FECO-599-2022,supplier
Rec y Disp de Desechos Amb S.A. de C.V.,FECO-598-2022,supplier
Sistemas de Energía Internacional,FSEI-2421-2022,supplier
Sistemas de Energía Internacional,FSEI-2417-2022,supplier
Rec y Disp de Desechos Amb S.A. de C.V.,FECO-614-2022,supplier
SSNL Servicios Sustentables NL,ABNL-78-2022,supplier
SSNL Servicios Sustentables NL,FBNL-970-2022,supplier
Sistemas de Energía Internacional,ASEI-200-2022,supplier
SSNL Servicios Sustentables NL,FBNL-972-2022,supplier
Gentor Servicios,FGS-541-2022,supplier
Gentor,FGEN-1068-2022,supplier
Rec y Disp de Desechos Amb S.A. de C.V.,FECO-590-2022,supplier
Rec y Disp de Desechos Amb S.A. de C.V.,FECO-604-2022,supplier
Rec y Disp de Desechos Amb S.A. de C.V.,FECO-605-2022,supplier
Rec y Disp de Desechos Amb S.A. de C.V.,FECO-615-2022,supplier
Sistemas de Energía Internacional,FSEI-2422-2022,supplier
Rec y Disp de Desechos Amb S.A. de C.V.,FECO-623-2022,supplier
Sistemas de Energía Internacional,FSEI-2243-2022,supplier
Sistemas de Energía Internacional,FSEI-2423-2022,supplier
Rec y Disp de Desechos Amb S.A. de C.V.,FECO-592-2022,supplier
Rec y Disp de Desechos Amb S.A. de C.V.,FECO-616-2022,supplier
Rec y Disp de Desechos Amb S.A. de C.V.,FECO-580-2022,supplier
SSNL Servicios Sustentables NL,FBNL-763-2022,supplier
Sistemas de Energía Internacional,ASEI-201-2022,supplier
Sistemas de Energía Internacional,ASEI-202-2022,supplier
Sistemas de Energía Internacional,FSEI-2514-2022,supplier
Sistemas de Energía Internacional,FSEI-2515-2022,supplier
Rec y Disp de Desechos Amb S.A. de C.V.,FECO-622-2022,supplier
Sistemas de Energía Internacional,FSEI-2241-2022,supplier
Rec y Disp de Desechos Amb S.A. de C.V.,FECO-591-2022,supplier
Rec y Disp de Desechos Amb S.A. de C.V.,FECO-596-2022,supplier
Gentor,FGEN-1008-2022,supplier
Rec y Disp de Desechos Amb S.A. de C.V.,FECO-600-2022,supplier
Rec y Disp de Desechos Amb S.A. de C.V.,FECO-621-2022,supplier
Rec y Disp de Desechos Amb S.A. de C.V.,FECO-560-2022,supplier
Sistemas de Energía Internacional,FSEI-2498-2022,supplier
Rec y Disp de Desechos Amb S.A. de C.V.,FECO-536-2022,supplier
Rec y Disp de Desechos Amb S.A. de C.V.,FECO-535-2022,supplier
Gentor Servicios,FGS-543-2022,supplier
Gentor Servicios,FGS-544-2022,supplier
Gentor Servicios,FGS-548-2022,supplier
"Environment & Society, S.A. de C.V.",FEAS-345-2022,supplier
Sistemas de Energía Internacional,FSEI-2377-2022,supplier
Inge y Mejor Ambiental S.A. de C.V.,FHYD-470-2022,supplier
Inge y Mejor Ambiental S.A. de C.V.,FHYD-471-2022,supplier
Inge y Mejor Ambiental S.A. de C.V.,FHYD-474-2022,supplier
Inge y Mejor Ambiental S.A. de C.V.,FHYD-483-2022,supplier
"Environment & Society, S.A. de C.V.",FEAS-362-2022,supplier
"Environment & Society, S.A. de C.V.",FEAS-363-2022,supplier
"Environment & Society, S.A. de C.V.",FEAS-364-2022,supplier
"Environment & Society, S.A. de C.V.",FEAS-367-2022,supplier
Domos Telecomunicaciones S.A. de C.V.,FDT-412-2022,supplier
Sistemas de Energía Internacional,FSEI-2499-2022,supplier
Sistemas de Energía Internacional,FSEI-2500-2022,supplier
Rec y Disp de Desechos Amb S.A. de C.V.,FECO-642-2022,supplier
Rec y Disp de Desechos Amb S.A. de C.V.,FECO-574-2022,supplier
Rec y Disp de Desechos Amb S.A. de C.V.,FECO-537-2022,supplier
Rec y Disp de Desechos Amb S.A. de C.V.,FECO-538-2022,supplier
Rec y Disp de Desechos Amb S.A. de C.V.,FECO-539-2022,supplier
Rec y Disp de Desechos Amb S.A. de C.V.,FECO-540-2022,supplier
Gentor Servicios,FGS-538-2022,supplier
Rec y Disp de Desechos Amb S.A. de C.V.,FECO-542-2022,supplier
Gentor Servicios,FGS-571-2022,supplier
Gentor Servicios,FGS-569-2022,supplier
Gentor Servicios,FGS-570-2022,supplier
Sistemas de Energía Internacional,FSEI-2524-2022,supplier
Sistemas de Energía Internacional,FSEI-2525-2022,supplier
Seisa Servicios y Tecnología,FSST-167-2022,supplier
Inge y Mejor Ambiental S.A. de C.V.,FHYD-653-2022,supplier
Inge y Mejor Ambiental S.A. de C.V.,FHYD-651-2022,supplier
Inge y Mejor Ambiental S.A. de C.V.,FHYD-710-2022,supplier
Inge y Mejor Ambiental S.A. de C.V.,FHYD-708-2022,supplier
Rec y Disp de Desechos Amb S.A. de C.V.,FECO-630-2022,supplier
Gentor,FGEN-1056-2022,supplier
Gentor,FGEN-1058-2022,supplier
Gentor,FGEN-1066-2022,supplier
Gentor Servicios,FGS-582-2022,supplier
Sistemas de Energía Internacional,FSEI-2352-2022,supplier
Sistemas de Energía Internacional,FSEI-2723-2022,supplier
Sistemas de Energía Internacional,FSEI-2721-2022,supplier
Gentor,FGEN-1029-2022,supplier
Gentor,FGEN-1026-2022,supplier
Sistemas de Energía Internacional,FSEI-2189-2022,supplier
Gentor,FGEN-1033-2022,supplier
Gentor,FGEN-1028-2022,supplier
Gentor,FGEN-1035-2022,supplier
Gentor,FGEN-1031-2022,supplier
Rec y Disp de Desechos Amb S.A. de C.V.,FECO-556-2022,supplier
Rec y Disp de Desechos Amb S.A. de C.V.,FECO-568-2022,supplier
Rec y Disp de Desechos Amb S.A. de C.V.,FECO-554-2022,supplier
Rec y Disp de Desechos Amb S.A. de C.V.,FECO-553-2022,supplier
Rec y Disp de Desechos Amb S.A. de C.V.,FECO-561-2022,supplier
Rec y Disp de Desechos Amb S.A. de C.V.,FECO-572-2022,supplier
Rec y Disp de Desechos Amb S.A. de C.V.,FECO-555-2022,supplier
Gentor,FGEN-1044-2022,supplier
Gentor,FGEN-1042-2022,supplier
Sistemas de Energía Internacional,FSEI-2383-2022,supplier
SSNL Servicios Sustentables NL,FBNL-872-2022,supplier
SSNL Servicios Sustentables NL,FBNL-846-2022,supplier
SSNL Servicios Sustentables NL,FBNL-873-2022,supplier
SSNL Servicios Sustentables NL,FBNL-847-2022,supplier
SSNL Servicios Sustentables NL,FBNL-874-2022,supplier
SSNL Servicios Sustentables NL,FBNL-875-2022,supplier
Sistemas de Energía Internacional,FSEI-2719-2022,supplier
Seisa Servicios y Tecnología,FSST-180-2022,supplier
"Environment & Society, S.A. de C.V.",FEAS-373-2022,supplier
"Environment & Society, S.A. de C.V.",FEAS-354-2022,supplier
Sistemas de Energía Internacional,FASE-11-2022,supplier
Sistemas de Energía Internacional,FASE-12-2022,supplier
Sistemas de Energía Internacional,FASE-13-2022,supplier
Sistemas de Energía Internacional,FASE-14-2022,supplier
Sistemas de Energía Internacional,FASE-15-2022,supplier
Sistemas de Energía Internacional,FASE-16-2022,supplier
"Environment & Society, S.A. de C.V.",FEAS-374-2022,supplier
Gentor Servicios,FGS-617-2022,supplier
Inge y Mejor Ambiental S.A. de C.V.,FHYD-687-2022,supplier
Rec y Disp de Desechos Amb S.A. de C.V.,FECO-575-2022,supplier
Rec y Disp de Desechos Amb S.A. de C.V.,FECO-566-2022,supplier
"Environment & Society, S.A. de C.V.",FEAS-352-2022,supplier
SSNL Servicios Sustentables NL,FBNL-810-2022,supplier
SSNL Servicios Sustentables NL,FBNL-804-2022,supplier
Inge y Mejor Ambiental S.A. de C.V.,FHYD-648-2022,supplier
Sistemas de Energía Internacional,FSEI-2273-2022,supplier
Rec y Disp de Desechos Amb S.A. de C.V.,FECO-576-2022,supplier
Inge y Mejor Ambiental S.A. de C.V.,FHYD-655-2022,supplier
Inge y Mejor Ambiental S.A. de C.V.,FHYD-649-2022,supplier
Inge y Mejor Ambiental S.A. de C.V.,FHYD-652-2022,supplier
Domos Telecomunicaciones S.A. de C.V.,FDT-429-2022,supplier
Sistemas de Energía Internacional,ASEI-181-2022,supplier
"Environment & Society, S.A. de C.V.",FEAS-376-2022,supplier
Sistemas de Energía Internacional,FSEI-2716-2022,supplier
Sistemas de Energía Internacional,FSEI-2718-2022,supplier
Gentor Servicios,FGS-564-2022,supplier
"Land Operation, S.A. de C.V.",FLAN-155-2022,supplier
SSNL Servicios Sustentables NL,FBNL-837-2022,supplier
"Environment & Society, S.A. de C.V.",FEAS-369-2022,supplier
Gentor,FGEN-1049-2022,supplier
Gentor,FGEN-1051-2022,supplier
"Environment & Society, S.A. de C.V.",FEAS-355-2022,supplier
Gentor,FGEN-1052-2022,supplier
Domos Telecomunicaciones S.A. de C.V.,FDT-431-2022,supplier
Domos Telecomunicaciones S.A. de C.V.,FDT-432-2022,supplier
Gentor,FGEN-1130-2022,supplier
Gentor,FGEN-1131-2022,supplier
"Environment & Society, S.A. de C.V.",FEAS-359-2022,supplier
"Environment & Society, S.A. de C.V.",FEAS-353-2022,supplier
Inge y Mejor Ambiental S.A. de C.V.,FHYD-692-2022,supplier
Inge y Mejor Ambiental S.A. de C.V.,FHYD-693-2022,supplier
Inge y Mejor Ambiental S.A. de C.V.,FHYD-694-2022,supplier
Inge y Mejor Ambiental S.A. de C.V.,FHYD-695-2022,supplier
"Land Operation, S.A. de C.V.",FLAN-157-2022,supplier
SSNL Servicios Sustentables NL,FBNL-975-2022,supplier
"Land Operation, S.A. de C.V.",FLAN-170-2022,supplier
CHP,2590,supplier
SERVICIOS CORPORATIVOS GENTOR,2589,supplier
Domos Telecomunicaciones S.A. de C.V.,FDT-430-2022,supplier
Domos Telecomunicaciones S.A. de C.V.,FDT-433-2022,supplier
"Environment & Society, S.A. de C.V.",FEAS-365-2022,supplier
"Environment & Society, S.A. de C.V.",FEAS-370-2022,supplier
SSNL Servicios Sustentables NL,FBNL-839-2022,supplier
Sistemas de Energía Internacional,ASEI-186-2022,supplier
SSNL Servicios Sustentables NL,FBNL-843-2022,supplier
CHP,2581,supplier
CHP,2582,supplier
SSNL Servicios Sustentables NL,ABNL-75-2022,supplier
SSNL Servicios Sustentables NL,FBNL-780-2022,supplier
SSNL Servicios Sustentables NL,FBNL-779-2022,supplier
Sistemas de Energía Internacional,ASEI-187-2022,supplier
Seisa Servicios y Tecnología,FSST-170-2022,supplier
Seisa Servicios y Tecnología,FSST-171-2022,supplier
Sistemas de Energía Internacional,FSEI-2727-2022,supplier
SSNL Servicios Sustentables NL,FBNL-876-2022,supplier
Gentor,FGEN-1072-2022,supplier
SSNL Servicios Sustentables NL,FBNL-852-2022,supplier
SSNL Servicios Sustentables NL,FBNL-851-2022,supplier
Inge y Mejor Ambiental S.A. de C.V.,FHYD-711-2022,supplier
Sistemas de Energía Internacional,FSEI-2211-2022,supplier
Sistemas de Energía Internacional,FSEI-2212-2022,supplier
Sistemas de Energía Internacional,FSEI-2271-2022,supplier
Gentor Servicios,AGSE-18-2022,supplier
Inge y Mejor Ambiental S.A. de C.V.,FHYD-654-2022,supplier
Rec y Disp de Desechos Amb S.A. de C.V.,FECO-583-2022,supplier
SSNL Servicios Sustentables NL,FBNL-818-2022,supplier
SSNL Servicios Sustentables NL,FBNL-819-2022,supplier
SSNL Servicios Sustentables NL,FBNL-820-2022,supplier
SSNL Servicios Sustentables NL,FBNL-821-2022,supplier
Rec y Disp de Desechos Amb S.A. de C.V.,FECO-581-2022,supplier
Inge y Mejor Ambiental S.A. de C.V.,FHYD-712-2022,supplier
SSNL Servicios Sustentables NL,ABNL-86-2022,supplier
SSNL Servicios Sustentables NL,ABNL-85-2022,supplier
Seisa Servicios y Tecnología,FSST-164-2022,supplier
Sistemas de Energía Internacional,FSEI-2229-2022,supplier
Rec y Disp de Desechos Amb S.A. de C.V.,FECO-584-2022,supplier
SSNL Servicios Sustentables NL,ABNL-88-2022,supplier
SSNL Servicios Sustentables NL,ABNL-87-2022,supplier
Inge y Mejor Ambiental S.A. de C.V.,FHYD-714-2022,supplier
Inge y Mejor Ambiental S.A. de C.V.,FHYD-713-2022,supplier
SSNL Servicios Sustentables NL,ABNL-90-2022,supplier
SSNL Servicios Sustentables NL,ABNL-89-2022,supplier
Inge y Mejor Ambiental S.A. de C.V.,FHYD-709-2022,supplier
Rec y Disp de Desechos Amb S.A. de C.V.,FECO-585-2022,supplier
Rec y Disp de Desechos Amb S.A. de C.V.,FECO-586-2022,supplier
Inge y Mejor Ambiental S.A. de C.V.,FHYD-690-2022,supplier
Inge y Mejor Ambiental S.A. de C.V.,FHYD-691-2022,supplier
Inge y Mejor Ambiental S.A. de C.V.,FHYD-701-2022,supplier
Inge y Mejor Ambiental S.A. de C.V.,FHYD-650-2022,supplier
Inge y Mejor Ambiental S.A. de C.V.,FHYD-715-2022,supplier
Inge y Mejor Ambiental S.A. de C.V.,FHYD-716-2022,supplier
SSNL Servicios Sustentables NL,FBNL-863-2022,supplier
Sistemas de Energía Internacional,2591,supplier
Domos Telecomunicaciones S.A. de C.V.,FDT-435-2022,supplier
Domos Telecomunicaciones S.A. de C.V.,FDT-434-2022,supplier
Gentor,FGEN-1061-2022,supplier
Sistemas de Energía Internacional,FSEI-2412-2022,supplier
Sistemas de Energía Internacional,FSEI-2413-2022,supplier
Sistemas de Energía Internacional,FSEI-2408-2022,supplier
Sistemas de Energía Internacional,FSEI-2465-2022,supplier
Sistemas de Energía Internacional,FSEI-2469-2022,supplier
Sistemas de Energía Internacional,FSEI-2509-2022,supplier
Sistemas de Energía Internacional,FSEI-2508-2022,supplier
Rec y Disp de Desechos Amb S.A. de C.V.,FECO-579-2022,supplier
Sistemas de Energía Internacional,FSEI-2410-2022,supplier
Sistemas de Energía Internacional,FSEI-2411-2022,supplier
Rec y Disp de Desechos Amb S.A. de C.V.,FECO-629-2022,supplier
Gentor,FGEN-1054-2022,supplier
Gentor,FGEN-1053-2022,supplier
Sistemas de Energía Internacional,FSEI-2304-2022,supplier
SERVICIOS CORPORATIVOS GENTOR,2587,supplier
SSNL Servicios Sustentables NL,FBNL-877-2022,supplier
SSNL Servicios Sustentables NL,FBNL-858-2022,supplier
Gentor Servicios,FGS-565-2022,supplier
Sistemas de Energía Internacional,FSEI-2291-2022,supplier
Sistemas de Energía Internacional,FSEI-2263-2022,supplier
Sistemas de Energía Internacional,ASEI-185-2022,supplier
Sistemas de Energía Internacional,ASEI-183-2022,supplier
Sistemas de Energía Internacional,FSEI-2294-2022,supplier
Sistemas de Energía Internacional,ASEI-179-2022,supplier
Sistemas de Energía Internacional,FSEI-2292-2022,supplier
Sistemas de Energía Internacional,FSEI-2295-2022,supplier
Sistemas de Energía Internacional,FSEI-2297-2022,supplier
Sistemas de Energía Internacional,FSEI-2298-2022,supplier
"Land Operation, S.A. de C.V.",FLAN-159-2022,supplier
Gentor,FGEN-1112-2022,supplier
"Land Operation, S.A. de C.V.",FLAN-158-2022,supplier
SSNL Servicios Sustentables NL,FBNL-978-2022,supplier
SSNL Servicios Sustentables NL,FBNL-979-2022,supplier
Gentor Servicios,FGS-583-2022,supplier
SSNL Servicios Sustentables NL,FBNL-949-2022,supplier
Inge y Mejor Ambiental S.A. de C.V.,FHYD-705-2022,supplier
Inge y Mejor Ambiental S.A. de C.V.,FHYD-707-2022,supplier
Gentor Servicios,FGS-584-2022,supplier
Gentor Servicios,FGS-587-2022,supplier
Domos Telecomunicaciones S.A. de C.V.,FDT-448-2022,supplier
Gentor Servicios,FGS-588-2022,supplier
Domos Telecomunicaciones S.A. de C.V.,FDT-440-2022,supplier
Domos Telecomunicaciones S.A. de C.V.,FDT-441-2022,supplier
Domos Telecomunicaciones S.A. de C.V.,FDT-442-2022,supplier
Domos Telecomunicaciones S.A. de C.V.,FDT-443-2022,supplier
SSNL Servicios Sustentables NL,FBNL-866-2022,supplier
Gentor Servicios,FGS-553-2022,supplier
SERVICIOS CORPORATIVOS GENTOR,2594,supplier
Sistemas de Energía Internacional,FSEI-2303-2022,supplier
SERVICIOS CORPORATIVOS GENTOR,2585,supplier
Gentor,FGEN-1114-2022,supplier
Gentor,FGEN-1062-2022,supplier
Gentor,FGEN-1113-2022,supplier
Sistemas de Energía Internacional,FSEI-2414-2022,supplier
Sistemas de Energía Internacional,FSEI-2419-2022,supplier
Gentor,FGEN-1075-2022,supplier
Gentor,FGEN-1084-2022,supplier
Gentor,FGEN-1067-2022,supplier
Gentor,FGEN-1083-2022,supplier
Gentor,FGEN-1074-2022,supplier
Gentor,FGEN-1077-2022,supplier
Gentor,FGEN-1082-2022,supplier
Gentor,FGEN-1057-2022,supplier
SERVICIOS CORPORATIVOS GENTOR,2595,supplier
Sistemas de Energía Internacional,FSEI-2344-2022,supplier
Sistemas de Energía Internacional,FSEI-2457-2022,supplier
Sistemas de Energía Internacional,FSEI-2570-2022,supplier
Sistemas de Energía Internacional,FSEI-2556-2022,supplier
Ingenieria y Mejoramiento Ambiental,FHYD-775-2022,supplier
Ingenieria y Mejoramiento Ambiental,FHYD-776-2022,supplier
Ingenieria y Mejoramiento Ambiental,FHYD-777-2022,supplier
Inge y Mejor Ambiental S.A. de C.V.,FHYD-780-2022,supplier
Inge y Mejor Ambiental S.A. de C.V.,FHYD-781-2022,supplier
Inge y Mejor Ambiental S.A. de C.V.,FHYD-782-2022,supplier
Inge y Mejor Ambiental S.A. de C.V.,FHYD-783-2022,supplier
Inge y Mejor Ambiental S.A. de C.V.,FHYD-787-2022,supplier
Ingenieria y Mejoramiento Ambiental,AHYD-16-2022,supplier
Ingenieria y Mejoramiento Ambiental,FHYD-785-2022,supplier
Sistemas de Energía Internacional,FSEI-2737-2022,supplier
Sistemas de Energía Internacional,ASEI-218-2022,supplier
Sistemas de Energía Internacional,ASEI-219-2022,supplier
Sistemas de Energía Internacional,ASEI-220-2022,supplier
Sistemas de Energía Internacional,FSEI-2683-2022,supplier
Sistemas de Energía Internacional,FSEI-2576-2022,supplier
Sistemas de Energía Internacional,FSEI-2577-2022,supplier
Sistemas de Energía Internacional,FSEI-2578-2022,supplier
Sistemas de Energía Internacional,FSEI-2579-2022,supplier
Sistemas de Energía Internacional,FSEI-2580-2022,supplier
Sistemas de Energía Internacional,FSEI-2736-2022,supplier
SSNL Servicios Sustentables NL,FBNL-977-2022,supplier
Sistemas de Energía Internacional,FSEI-2313-2022,supplier
Sistemas de Energía Internacional,FSEI-2385-2022,supplier
SSNL Servicios Sustentables NL,ABNL-79-2022,supplier
Sistemas de Energía Internacional,FSEI-2555-2022,supplier
Sistemas de Energía Internacional,FSEI-2310-2022,supplier
Sistemas de Energía Internacional,FSEI-2312-2022,supplier
Gentor,FGEN-1078-2022,supplier
Sistemas de Energía Internacional,FSEI-2315-2022,supplier
Sistemas de Energía Internacional,FSEI-2316-2022,supplier
Sistemas de Energía Internacional,FSEI-2283-2022,supplier
Sistemas de Energía Internacional,FSEI-2491-2022,supplier
Sistemas de Energía Internacional,FSEI-2557-2022,supplier
Sistemas de Energía Internacional,FSEI-2317-2022,supplier
Gentor,FGEN-1080-2022,supplier
Gentor,FGEN-1081-2022,supplier
SSNL Servicios Sustentables NL,ABNL-80-2022,supplier
SSNL Servicios Sustentables NL,FBNL-853-2022,supplier
Sistemas de Energía Internacional,FSEI-2582-2022,supplier
Sistemas de Energía Internacional,FSEI-2427-2022,supplier
Sistemas de Energía Internacional,FSEI-2528-2022,supplier
SSNL Servicios Sustentables NL,FBNL-902-2022,supplier
Sistemas de Energía Internacional,FSEI-2418-2022,supplier
Domos Telecomunicaciones S.A. de C.V.,FDT-445-2022,supplier
Domos Telecomunicaciones S.A. de C.V.,FDT-446-2022,supplier
Sistemas de Energía Internacional,FSEI-2390-2022,supplier
Rec y Disp de Desechos Amb S.A. de C.V.,FECO-593-2022,supplier
Rec y Disp de Desechos Amb S.A. de C.V.,FECO-589-2022,supplier
Sistemas de Energía Internacional,FSEI-2511-2022,supplier
Sistemas de Energía Internacional,FSEI-2512-2022,supplier
Sistemas de Energía Internacional,FSEI-2513-2022,supplier
Inge y Mejor Ambiental S.A. de C.V.,FHYD-720-2022,supplier
Inge y Mejor Ambiental S.A. de C.V.,FHYD-721-2022,supplier
Inge y Mejor Ambiental S.A. de C.V.,FHYD-717-2022,supplier
Inge y Mejor Ambiental S.A. de C.V.,FHYD-722-2022,supplier
SSNL Servicios Sustentables NL,FBNL-930-2022,supplier
SSNL Servicios Sustentables NL,FBNL-931-2022,supplier
Inge y Mejor Ambiental S.A. de C.V.,FHYD-726-2022,supplier
Inge y Mejor Ambiental S.A. de C.V.,FHYD-725-2022,supplier
Inge y Mejor Ambiental S.A. de C.V.,FHYD-727-2022,supplier
Rec y Disp de Desechos Amb S.A. de C.V.,AECO-17-2022,supplier
Rec y Disp de Desechos Amb S.A. de C.V.,AECO-18-2022,supplier
Rec y Disp de Desechos Amb S.A. de C.V.,FECO-644-2022,supplier
Domos Telecomunicaciones S.A. de C.V.,FDT-436-2022,supplier
SSNL Servicios Sustentables NL,FBNL-904-2022,supplier
SSNL Servicios Sustentables NL,FBNL-900-2022,supplier
Domos Telecomunicaciones S.A. de C.V.,FDT-438-2022,supplier
Domos Telecomunicaciones S.A. de C.V.,FDT-444-2022,supplier
Domos Telecomunicaciones S.A. de C.V.,FDT-439-2022,supplier
Rec y Disp de Desechos Amb S.A. de C.V.,FECO-647-2022,supplier
Rec y Disp de Desechos Amb S.A. de C.V.,FECO-648-2022,supplier
Sistemas de Energía Internacional,FSEI-2431-2022,supplier
Sistemas de Energía Internacional,FSEI-2432-2022,supplier
Sistemas de Energía Internacional,FSEI-2433-2022,supplier
Sistemas de Energía Internacional,ASEI-199-2022,supplier
Rec y Disp de Desechos Amb S.A. de C.V.,FECO-649-2022,supplier
Rec y Disp de Desechos Amb S.A. de C.V.,FECO-603-2022,supplier
SSNL Servicios Sustentables NL,FBNL-828-2022,supplier
SSNL Servicios Sustentables NL,FBNL-829-2022,supplier
Rec y Disp de Desechos Amb S.A. de C.V.,FECO-641-2022,supplier
Rec y Disp de Desechos Amb S.A. de C.V.,FECO-635-2022,supplier
Rec y Disp de Desechos Amb S.A. de C.V.,FECO-650-2022,supplier
Gentor,FGEN-1085-2022,supplier
Sistemas de Energía Internacional,FSEI-2738-2022,supplier
Sistemas de Energía Internacional,FSEI-2468-2022,supplier
Seisa Servicios y Tecnología,FSST-182-2022,supplier
Seisa Servicios y Tecnología,FSST-181-2022,supplier
Domos Telecomunicaciones S.A. de C.V.,FDT-449-2022,supplier
Domos Telecomunicaciones S.A. de C.V.,FDT-450-2022,supplier
Sistemas de Energía Internacional,FSEI-2471-2022,supplier
SSNL Servicios Sustentables NL,FBNL-911-2022,supplier
SSNL Servicios Sustentables NL,FBNL-909-2022,supplier
SSNL Servicios Sustentables NL,FBNL-910-2022,supplier
Sistemas de Energía Internacional,FSEI-2740-2022,supplier
Sistemas de Energía Internacional,FSEI-2726-2022,supplier
Sistemas de Energía Internacional,FSEI-2742-2022,supplier
Sistemas de Energía Internacional,FSEI-2741-2022,supplier
SSNL Servicios Sustentables NL,FBNL-898-2022,supplier
SSNL Servicios Sustentables NL,FBNL-933-2022,supplier
SSNL Servicios Sustentables NL,FBNL-897-2022,supplier
SSNL Servicios Sustentables NL,FBNL-794-2022,supplier
SSNL Servicios Sustentables NL,FBNL-797-2022,supplier
SSNL Servicios Sustentables NL,FBNL-926-2022,supplier
SSNL Servicios Sustentables NL,FBNL-917-2022,supplier
SSNL Servicios Sustentables NL,FBNL-938-2022,supplier
Gentor Servicios,FGS-592-2022,supplier
SSNL Servicios Sustentables NL,FBNL-939-2022,supplier
Gentor Servicios,FGS-593-2022,supplier
Rec y Disp de Desechos Amb S.A. de C.V.,FECO-632-2022,supplier
Rec y Disp de Desechos Amb S.A. de C.V.,FECO-631-2022,supplier
Rec y Disp de Desechos Amb S.A. de C.V.,FECO-653-2022,supplier
Rec y Disp de Desechos Amb S.A. de C.V.,FECO-652-2022,supplier
Rec y Disp de Desechos Amb S.A. de C.V.,FECO-654-2022,supplier
Rec y Disp de Desechos Amb S.A. de C.V.,FECO-661-2022,supplier
Rec y Disp de Desechos Amb S.A. de C.V.,FECO-655-2022,supplier
Rec y Disp de Desechos Amb S.A. de C.V.,FECO-656-2022,supplier
Rec y Disp de Desechos Amb S.A. de C.V.,FECO-657-2022,supplier
Rec y Disp de Desechos Amb S.A. de C.V.,FECO-658-2022,supplier
Rec y Disp de Desechos Amb S.A. de C.V.,FECO-659-2022,supplier
Rec y Disp de Desechos Amb S.A. de C.V.,FECO-660-2022,supplier
Domos Telecomunicaciones S.A. de C.V.,FDT-453-2022,supplier
Domos Telecomunicaciones S.A. de C.V.,FDT-455-2022,supplier
SSNL Servicios Sustentables NL,FBNL-921-2022,supplier
SSNL Servicios Sustentables NL,FBNL-922-2022,supplier
SSNL Servicios Sustentables NL,FBNL-923-2022,supplier
Gentor,FGEN-1087-2022,supplier
CHP,2596,supplier
Gentor Servicios,FGS-604-2022,supplier
Gentor Servicios,FGS-603-2022,supplier
Gentor,FGEN-1086-2022,supplier
SERVICIOS CORPORATIVOS GENTOR,2592,supplier
Gentor Servicios,FGS-590-2022,supplier
Gentor Servicios,FGS-591-2022,supplier
SSNL Servicios Sustentables NL,FBNL-947-2022,supplier
Rec y Disp de Desechos Amb S.A. de C.V.,FECO-587-2022,supplier
Rec y Disp de Desechos Amb S.A. de C.V.,FECO-636-2022,supplier
Rec y Disp de Desechos Amb S.A. de C.V.,FECO-634-2022,supplier
Rec y Disp de Desechos Amb S.A. de C.V.,FECO-643-2022,supplier
Rec y Disp de Desechos Amb S.A. de C.V.,FECO-670-2022,supplier
Rec y Disp de Desechos Amb S.A. de C.V.,FECO-672-2022,supplier
Rec y Disp de Desechos Amb S.A. de C.V.,FECO-651-2022,supplier
Rec y Disp de Desechos Amb S.A. de C.V.,FECO-633-2022,supplier
Rec y Disp de Desechos Amb S.A. de C.V.,FECO-640-2022,supplier
Sistemas de Energía Internacional,FSEI-2434-2022,supplier
Sistemas de Energía Internacional,FSEI-2435-2022,supplier
Sistemas de Energía Internacional,FSEI-2486-2022,supplier
Sistemas de Energía Internacional,FSEI-2487-2022,supplier
Sistemas de Energía Internacional,FSEI-2489-2022,supplier
Gentor,FGEN-1101-2022,supplier
Gentor Servicios,FGS-609-2022,supplier
Gentor Servicios,FGS-606-2022,supplier
Gentor Servicios,FGS-605-2022,supplier
Gentor Servicios,FGS-607-2022,supplier
SERVICIOS CORPORATIVOS GENTOR,2598,supplier
Sistemas de Energía Internacional,FASE-7-2022,supplier
Sistemas de Energía Internacional,FSEI-2495-2022,supplier
Sistemas de Energía Internacional,FSEI-2744-2022,supplier
Sistemas de Energía Internacional,FSEI-2533-2022,supplier
Rec y Disp de Desechos Amb S.A. de C.V.,FECO-680-2022,supplier
Rec y Disp de Desechos Amb S.A. de C.V.,FECO-677-2022,supplier
Rec y Disp de Desechos Amb S.A. de C.V.,FECO-676-2022,supplier
Rec y Disp de Desechos Amb S.A. de C.V.,FECO-678-2022,supplier
Sistemas de Energía Internacional,FSEI-2746-2022,supplier
Sistemas de Energía Internacional,FSEI-2654-2022,supplier
Rec y Disp de Desechos Amb S.A. de C.V.,FECO-681-2022,supplier
Rec y Disp de Desechos Amb S.A. de C.V.,FECO-637-2022,supplier
Rec y Disp de Desechos Amb S.A. de C.V.,FECO-638-2022,supplier
Rec y Disp de Desechos Amb S.A. de C.V.,FECO-682-2022,supplier
Rec y Disp de Desechos Amb S.A. de C.V.,FECO-674-2022,supplier
Rec y Disp de Desechos Amb S.A. de C.V.,FECO-675-2022,supplier
Rec y Disp de Desechos Amb S.A. de C.V.,FECO-679-2022,supplier
Sistemas de Energía Internacional,FSEI-2496-2022,supplier
Sistemas de Energía Internacional,FASE-8-2022,supplier
Sistemas de Energía Internacional,FASE-9-2022,supplier
Sistemas de Energía Internacional,FSEI-2497-2022,supplier
Sistemas de Energía Internacional,FSEI-2536-2022,supplier
Sistemas de Energía Internacional,FSEI-2428-2022,supplier
Rec y Disp de Desechos Amb S.A. de C.V.,FECO-639-2022,supplier
"Environment & Society, S.A. de C.V.",FEAS-379-2022,supplier
Inge y Mejor Ambiental S.A. de C.V.,FHYD-791-2022,supplier
Inge y Mejor Ambiental S.A. de C.V.,FHYD-790-2022,supplier
Gentor,FGEN-1115-2022,supplier
Rec y Disp de Desechos Amb S.A. de C.V.,FECO-683-2022,supplier
Rec y Disp de Desechos Amb S.A. de C.V.,FECO-704-2022,supplier
Rec y Disp de Desechos Amb S.A. de C.V.,FECO-662-2022,supplier
Domos Telecomunicaciones S.A. de C.V.,FDT-456-2022,supplier
Gentor Servicios,FGS-620-2022,supplier
Gentor,FGEN-1116-2022,supplier
Gentor,FGEN-1117-2022,supplier
Sistemas de Energía Internacional,FSEI-2472-2022,supplier
Sistemas de Energía Internacional,FSEI-2450-2022,supplier
Sistemas de Energía Internacional,FSEI-2382-2022,supplier
Sistemas de Energía Internacional,FSEI-2420-2022,supplier
Rec y Disp de Desechos Amb S.A. de C.V.,FECO-705-2022,supplier
SSNL Servicios Sustentables NL,FBNL-948-2022,supplier
SSNL Servicios Sustentables NL,FBNL-805-2022,supplier
SSNL Servicios Sustentables NL,ABNL-101-2022,supplier
"Environment & Society, S.A. de C.V.",FEAS-377-2022,supplier
"Environment & Society, S.A. de C.V.",FEAS-378-2022,supplier
"Environment & Society, S.A. de C.V.",FEAS-380-2022,supplier
"Environment & Society, S.A. de C.V.",FEAS-356-2022,supplier
"Environment & Society, S.A. de C.V.",FEAS-357-2022,supplier
"Environment & Society, S.A. de C.V.",FEAS-358-2022,supplier
Inge y Mejor Ambiental S.A. de C.V.,FHYD-718-2022,supplier
Inge y Mejor Ambiental S.A. de C.V.,FHYD-719-2022,supplier
Inge y Mejor Ambiental S.A. de C.V.,FHYD-738-2022,supplier
Sistemas de Energía Internacional,FSEI-2538-2022,supplier
Sistemas de Energía Internacional,FSEI-2540-2022,supplier
Gentor,FGEN-1118-2022,supplier
Rec y Disp de Desechos Amb S.A. de C.V.,FECO-703-2022,supplier
Ingenieria y Mejoramiento Ambiental,FHYD-796-2022,supplier
Ingenieria y Mejoramiento Ambiental,FHYD-788-2022,supplier
Sistemas de Energía Internacional,FSEI-2543-2022,supplier
Sistemas de Energía Internacional,FSEI-2544-2022,supplier
Inge y Mejor Ambiental S.A. de C.V.,FHYD-735-2022,supplier
Inge y Mejor Ambiental S.A. de C.V.,FHYD-736-2022,supplier
Inge y Mejor Ambiental S.A. de C.V.,FHYD-737-2022,supplier
Inge y Mejor Ambiental S.A. de C.V.,FHYD-728-2022,supplier
Ingenieria y Mejoramiento Ambiental,FHYD-797-2022,supplier
Inge y Mejor Ambiental S.A. de C.V.,FHYD-742-2022,supplier
Inge y Mejor Ambiental S.A. de C.V.,FHYD-739-2022,supplier
Inge y Mejor Ambiental S.A. de C.V.,FHYD-740-2022,supplier
Inge y Mejor Ambiental S.A. de C.V.,FHYD-741-2022,supplier
Rec y Disp de Desechos Amb S.A. de C.V.,AECO-16-2022,supplier
Rec y Disp de Desechos Amb S.A. de C.V.,FECO-688-2022,supplier
Sistemas de Energía Internacional,FSEI-2586-2022,supplier
Rec y Disp de Desechos Amb S.A. de C.V.,AECO-15-2022,supplier
Rec y Disp de Desechos Amb S.A. de C.V.,FECO-689-2022,supplier
Gentor Servicios,FGS-615-2022,supplier
Gentor Servicios,FGS-616-2022,supplier
SERVICIOS CORPORATIVOS GENTOR,2597,supplier
SERVICIOS CORPORATIVOS GENTOR,2599,supplier
Gentor Servicios,FGS-596-2022,supplier
Gentor Servicios,FGS-597-2022,supplier
Gentor Servicios,FGS-594-2022,supplier
Gentor Servicios,FGS-599-2022,supplier
Gentor Servicios,FGS-600-2022,supplier
Gentor Servicios,FGS-601-2022,supplier
Gentor Servicios,FGS-602-2022,supplier
Gentor Servicios,FGS-610-2022,supplier
Gentor Servicios,FGS-611-2022,supplier
Gentor Servicios,FGS-598-2022,supplier
Gentor,FGEN-1098-2022,supplier
Gentor,FGEN-1100-2022,supplier
Gentor,FGEN-1102-2022,supplier
Gentor,FGEN-1103-2022,supplier
Gentor,FGEN-1099-2022,supplier
Gentor,FGEN-1104-2022,supplier
Gentor,FGEN-1105-2022,supplier
"Land Operation, S.A. de C.V.",FLAN-160-2022,supplier
Servicios Corporativos Gentor S.A. de C.,2601,supplier
Domos Telecomunicaciones S.A. de C.V.,FDT-465-2022,supplier
Sistemas de Energía Internacional,ASEI-182-2022,supplier
Rec y Disp de Desechos Amb S.A. de C.V.,FECO-708-2022,supplier
Gentor Servicios,AGSE-19-2022,supplier
Rec y Disp de Desechos Amb S.A. de C.V.,FECO-673-2022,supplier
Rec y Disp de Desechos Amb S.A. de C.V.,FECO-685-2022,supplier
Rec y Disp de Desechos Amb S.A. de C.V.,FECO-702-2022,supplier
Rec y Disp de Desechos Amb S.A. de C.V.,FECO-707-2022,supplier
Sistemas de Energía Internacional,FSEI-2663-2022,supplier
Sistemas de Energía Internacional,FSEI-2664-2022,supplier
Rec y Disp de Desechos Amb S.A. de C.V.,FECO-706-2022,supplier
Sistemas de Energía Internacional,FSEI-2665-2022,supplier
Sistemas de Energía Internacional,FSEI-2680-2022,supplier
Sistemas de Energía Internacional,FSEI-2681-2022,supplier
Sistemas de Energía Internacional,FSEI-2682-2022,supplier
Rec y Disp de Desechos Amb S.A. de C.V.,FECO-695-2022,supplier
Sistemas de Energía Internacional,FSEI-2684-2022,supplier
Sistemas de Energía Internacional,FSEI-2685-2022,supplier
Sistemas de Energía Internacional,FSEI-2686-2022,supplier
Sistemas de Energía Internacional,FSEI-2687-2022,supplier
Sistemas de Energía Internacional,FSEI-2688-2022,supplier
Sistemas de Energía Internacional,FSEI-2689-2022,supplier
Sistemas de Energía Internacional,FSEI-2690-2022,supplier
Sistemas de Energía Internacional,FSEI-2691-2022,supplier
Sistemas de Energía Internacional,FSEI-2692-2022,supplier
Sistemas de Energía Internacional,FSEI-2693-2022,supplier
Sistemas de Energía Internacional,FSEI-2747-2022,supplier
Sistemas de Energía Internacional,FSEI-2660-2022,supplier
Sistemas de Energía Internacional,FSEI-2661-2022,supplier
Sistemas de Energía Internacional,FSEI-2662-2022,supplier
Sistemas de Energía Internacional,FSEI-2666-2022,supplier
Sistemas de Energía Internacional,FSEI-2667-2022,supplier
Sistemas de Energía Internacional,FSEI-2668-2022,supplier
Sistemas de Energía Internacional,FSEI-2669-2022,supplier
Sistemas de Energía Internacional,FSEI-2670-2022,supplier
Sistemas de Energía Internacional,FSEI-2671-2022,supplier
Sistemas de Energía Internacional,FSEI-2672-2022,supplier
Sistemas de Energía Internacional,FSEI-2673-2022,supplier
Sistemas de Energía Internacional,FSEI-2674-2022,supplier
Sistemas de Energía Internacional,FSEI-2675-2022,supplier
Sistemas de Energía Internacional,FSEI-2676-2022,supplier
Sistemas de Energía Internacional,FSEI-2677-2022,supplier
Sistemas de Energía Internacional,FSEI-2678-2022,supplier
Sistemas de Energía Internacional,FSEI-2679-2022,supplier
Sistemas de Energía Internacional,FSEI-2694-2022,supplier
Sistemas de Energía Internacional,FSEI-2695-2022,supplier
Sistemas de Energía Internacional,FSEI-2696-2022,supplier
Gentor Servicios,FGS-622-2022,supplier
Sistemas de Energía Internacional,FSEI-2697-2022,supplier
Sistemas de Energía Internacional,FSEI-2698-2022,supplier
Gentor Servicios,FGS-623-2022,supplier
Sistemas de Energía Internacional,FSEI-2699-2022,supplier
Sistemas de Energía Internacional,FSEI-2700-2022,supplier
Sistemas de Energía Internacional,FSEI-2701-2022,supplier
Sistemas de Energía Internacional,FSEI-2702-2022,supplier
Sistemas de Energía Internacional,FSEI-2703-2022,supplier
Sistemas de Energía Internacional,FSEI-2704-2022,supplier
Sistemas de Energía Internacional,FSEI-2705-2022,supplier
Sistemas de Energía Internacional,FSEI-2706-2022,supplier
Sistemas de Energía Internacional,FSEI-2707-2022,supplier
Sistemas de Energía Internacional,FSEI-2708-2022,supplier
Sistemas de Energía Internacional,FSEI-2709-2022,supplier
Sistemas de Energía Internacional,FSEI-2710-2022,supplier
Sistemas de Energía Internacional,FSEI-2713-2022,supplier
Sistemas de Energía Internacional,FSEI-2714-2022,supplier
Sistemas de Energía Internacional,FSEI-2715-2022,supplier
Sistemas de Energía Internacional,FSEI-2717-2022,supplier
Sistemas de Energía Internacional,FSEI-2739-2022,supplier
Sistemas de Energía Internacional,FSEI-2438-2022,supplier
Sistemas de Energía Internacional,FSEI-2439-2022,supplier
Sistemas de Energía Internacional,FSEI-2440-2022,supplier
Sistemas de Energía Internacional,FSEI-2441-2022,supplier
Sistemas de Energía Internacional,FSEI-2442-2022,supplier
Sistemas de Energía Internacional,FSEI-2448-2022,supplier
Sistemas de Energía Internacional,FSEI-2454-2022,supplier
Sistemas de Energía Internacional,FSEI-2459-2022,supplier
Sistemas de Energía Internacional,FSEI-2461-2022,supplier
Sistemas de Energía Internacional,FSEI-2462-2022,supplier
Sistemas de Energía Internacional,FSEI-2463-2022,supplier
Sistemas de Energía Internacional,FSEI-2502-2022,supplier
Sistemas de Energía Internacional,FSEI-2504-2022,supplier
Sistemas de Energía Internacional,FSEI-2507-2022,supplier
Sistemas de Energía Internacional,FSEI-2605-2022,supplier
Sistemas de Energía Internacional,FSEI-2443-2022,supplier
Sistemas de Energía Internacional,FSEI-2444-2022,supplier
Sistemas de Energía Internacional,FSEI-2445-2022,supplier
Sistemas de Energía Internacional,FSEI-2446-2022,supplier
Sistemas de Energía Internacional,FSEI-2447-2022,supplier
Sistemas de Energía Internacional,FSEI-2492-2022,supplier
Sistemas de Energía Internacional,FSEI-2449-2022,supplier
Sistemas de Energía Internacional,FSEI-2478-2022,supplier
Sistemas de Energía Internacional,FSEI-2458-2022,supplier
Sistemas de Energía Internacional,FSEI-2460-2022,supplier
Sistemas de Energía Internacional,FSEI-2386-2022,supplier
Sistemas de Energía Internacional,FSEI-2387-2022,supplier
Sistemas de Energía Internacional,FSEI-2470-2022,supplier
Rec y Disp de Desechos Amb S.A. de C.V.,FECO-667-2022,supplier
Rec y Disp de Desechos Amb S.A. de C.V.,FECO-668-2022,supplier
Sistemas de Energía Internacional,FSEI-2485-2022,supplier
Sistemas de Energía Internacional,FSEI-2490-2022,supplier
Rec y Disp de Desechos Amb S.A. de C.V.,FECO-664-2022,supplier
Sistemas de Energía Internacional,FSEI-2403-2022,supplier
Sistemas de Energía Internacional,FSEI-2409-2022,supplier
Sistemas de Energía Internacional,FSEI-2464-2022,supplier
Inge y Mejor Ambiental S.A. de C.V.,FHYD-730-2022,supplier
Inge y Mejor Ambiental S.A. de C.V.,FHYD-731-2022,supplier
Inge y Mejor Ambiental S.A. de C.V.,FHYD-732-2022,supplier
Inge y Mejor Ambiental S.A. de C.V.,FHYD-733-2022,supplier
Inge y Mejor Ambiental S.A. de C.V.,FHYD-734-2022,supplier
Sistemas de Energía Internacional,FSEI-2308-2022,supplier
Sistemas de Energía Internacional,FSEI-2467-2022,supplier
Sistemas de Energía Internacional,FSEI-2501-2022,supplier
Inge y Mejor Ambiental S.A. de C.V.,FHYD-729-2022,supplier
Gentor Servicios,FGS-613-2022,supplier
Gentor Servicios,FGS-595-2022,supplier
Sistemas de Energía Internacional,FSEI-2503-2022,supplier
Sistemas de Energía Internacional,FSEI-2505-2022,supplier
Sistemas de Energía Internacional,FSEI-2510-2022,supplier
SSNL Servicios Sustentables NL,FBNL-957-2022,supplier
Sistemas de Energía Internacional,FSEI-2603-2022,supplier
Sistemas de Energía Internacional,FSEI-2610-2022,supplier
SSNL Servicios Sustentables NL,FBNL-857-2022,supplier
Sistemas de Energía Internacional,FSEI-2646-2022,supplier
Sistemas de Energía Internacional,FSEI-2652-2022,supplier
Sistemas de Energía Internacional,FSEI-2653-2022,supplier
SSNL Servicios Sustentables NL,FBNL-854-2022,supplier
SSNL Servicios Sustentables NL,FBNL-885-2022,supplier
Sistemas de Energía Internacional,FSEI-2657-2022,supplier
Sistemas de Energía Internacional,FSEI-2658-2022,supplier
Gentor Servicios,FGS-612-2022,supplier
Sistemas de Energía Internacional,FSEI-2655-2022,supplier
Sistemas de Energía Internacional,FSEI-2656-2022,supplier
Gentor Servicios,AGSE-20-2022,supplier
Rec y Disp de Desechos Amb S.A. de C.V.,AECO-20-2022,supplier
Rec y Disp de Desechos Amb S.A. de C.V.,AECO-21-2022,supplier
SSNL Servicios Sustentables NL,FBNL-958-2022,supplier
Rec y Disp de Desechos Amb S.A. de C.V.,AECO-19-2022,supplier
Rec y Disp de Desechos Amb S.A. de C.V.,FECO-690-2022,supplier
SSNL Servicios Sustentables NL,FBNL-959-2022,supplier
SSNL Servicios Sustentables NL,FBNL-960-2022,supplier
SSNL Servicios Sustentables NL,FBNL-961-2022,supplier
SSNL Servicios Sustentables NL,FBNL-962-2022,supplier
Domos Telecomunicaciones S.A. de C.V.,FDT-457-2022,supplier
SSNL Servicios Sustentables NL,FBNL-964-2022,supplier
SSNL Servicios Sustentables NL,FBNL-965-2022,supplier
SSNL Servicios Sustentables NL,FBNL-966-2022,supplier
"Environment & Society, S.A. de C.V.",FEAS-398-2022,supplier
"Environment & Society, S.A. de C.V.",FEAS-399-2022,supplier
Rec y Disp de Desechos Amb S.A. de C.V.,FECO-691-2022,supplier
Rec y Disp de Desechos Amb S.A. de C.V.,FECO-665-2022,supplier
Rec y Disp de Desechos Amb S.A. de C.V.,FECO-666-2022,supplier
Domos Telecomunicaciones S.A. de C.V.,FDT-460-2022,supplier
Domos Telecomunicaciones S.A. de C.V.,FDT-461-2022,supplier
Domos Telecomunicaciones S.A. de C.V.,FDT-462-2022,supplier
Domos Telecomunicaciones S.A. de C.V.,FDT-459-2022,supplier
Domos Telecomunicaciones S.A. de C.V.,FDT-463-2022,supplier
Domos Telecomunicaciones S.A. de C.V.,FDT-464-2022,supplier
Gentor,FGEN-1106-2022,supplier
Inge y Mejor Ambiental S.A. de C.V.,FHYD-792-2022,supplier
Inge y Mejor Ambiental S.A. de C.V.,FHYD-793-2022,supplier
Inge y Mejor Ambiental S.A. de C.V.,FHYD-794-2022,supplier
Gentor Servicios,FGS-608-2022,supplier
SERVICIOS CORPORATIVOS GENTOR,2608,supplier
SERVICIOS CORPORATIVOS GENTOR,2609,supplier
Sistemas de Energía Internacional,FSEI-2748-2022,supplier
Sistemas de Energía Internacional,FSEI-2745-2022,supplier
Seisa Servicios y Tecnología,FSST-196-2022,supplier
Sistemas de Energía Internacional,FSEI-2558-2022,supplier
Sistemas de Energía Internacional,FSEI-2547-2022,supplier
Sistemas de Energía Internacional,FSEI-2549-2022,supplier
SSNL Servicios Sustentables NL,FBNL-861-2022,supplier
Domos Telecomunicaciones S.A. de C.V.,FDT-458-2022,supplier
Sistemas de Energía Internacional,FSEI-2749-2022,supplier
SSNL Servicios Sustentables NL,FBNL-835-2022,supplier
Rec y Disp de Desechos Amb S.A. de C.V.,FECO-714-2022,supplier
SSNL Servicios Sustentables NL,FBNL-935-2022,supplier
Sistemas de Energía Internacional,FSEI-2750-2022,supplier
SSNL Servicios Sustentables NL,FBNL-936-2022,supplier
SSNL Servicios Sustentables NL,FBNL-943-2022,supplier
SSNL Servicios Sustentables NL,FBNL-944-2022,supplier
SSNL Servicios Sustentables NL,FBNL-929-2022,supplier
SSNL Servicios Sustentables NL,FBNL-859-2022,supplier
SSNL Servicios Sustentables NL,FBNL-907-2022,supplier
SSNL Servicios Sustentables NL,FBNL-826-2022,supplier
Sistemas de Energía Internacional,FSEI-2569-2022,supplier
Sistemas de Energía Internacional,FSEI-2751-2022,supplier
Gentor,FGEN-1119-2022,supplier
Gentor,FGEN-1107-2022,supplier
Gentor,FGEN-1108-2022,supplier
Gentor,FGEN-1110-2022,supplier
Seisa Servicios y Tecnología,FSST-197-2022,supplier
Seisa Servicios y Tecnología,FSST-198-2022,supplier
Seisa Servicios y Tecnología,FSST-199-2022,supplier
Seisa Servicios y Tecnología,FSST-200-2022,supplier
Seisa Servicios y Tecnología,FSST-201-2022,supplier
Gentor Servicios,FGS-614-2022,supplier
CHP,2602,supplier
CHP,2603,supplier
Ingenieria y Mejoramiento Ambiental,FHYD-789-2022,supplier
Inge y Mejor Ambiental S.A. de C.V.,FHYD-786-2022,supplier
Inge y Mejor Ambiental S.A. de C.V.,FHYD-795-2022,supplier
Inge y Mejor Ambiental S.A. de C.V.,FHYD-798-2022,supplier
Gentor,FGEN-1121-2022,supplier
SSNL Servicios Sustentables NL,FBNL-950-2022,supplier
Gentor,FGEN-1122-2022,supplier
Gentor,FGEN-1123-2022,supplier
SSNL Servicios Sustentables NL,FBNL-982-2022,supplier
SSNL Servicios Sustentables NL,FBNL-981-2022,supplier
SSNL Servicios Sustentables NL,FBNL-983-2022,supplier
SSNL Servicios Sustentables NL,FBNL-967-2022,supplier
SSNL Servicios Sustentables NL,FBNL-901-2022,supplier
SSNL Servicios Sustentables NL,FBNL-984-2022,supplier
Sistemas de Energía Internacional,FSEI-2587-2022,supplier
Sistemas de Energía Internacional,FSEI-2583-2022,supplier
Sistemas de Energía Internacional,FSEI-2372-2022,supplier
Seisa Servicios y Tecnología,FSST-185-2022,supplier
Sistemas de Energía Internacional,FSEI-2559-2022,supplier
Seisa Servicios y Tecnología,FSST-187-2022,supplier
Sistemas de Energía Internacional,FSEI-2551-2022,supplier
Domos Telecomunicaciones S.A. de C.V.,FDT-466-2022,supplier
SSNL Servicios Sustentables NL,FBNL-798-2022,supplier
Domos Telecomunicaciones S.A. de C.V.,FDT-467-2022,supplier
Sistemas de Energía Internacional,FSEI-2572-2022,supplier
Seisa Servicios y Tecnología,ASST-14-2022,supplier
Servicios Corporativos Gentor S.A. de C.,2606,supplier
Rec y Disp de Desechos Amb S.A. de C.V.,FECO-709-2022,supplier
SSNL Servicios Sustentables NL,FBNL-976-2022,supplier
"Land Operation, S.A. de C.V.",FLAN-164-2022,supplier
Sistemas de Energía Internacional,FSEI-2725-2022,supplier
CHP,2610,supplier
"Land Operation, S.A. de C.V.",FLAN-161-2022,supplier
SSNL Servicios Sustentables NL,FBNL-974-2022,supplier
SSNL Servicios Sustentables NL,FBNL-973-2022,supplier
Sistemas de Energía Internacional,FSEI-2735-2022,supplier
Sistemas de Energía Internacional,FSEI-2734-2022,supplier
Sistemas de Energía Internacional,FSEI-2380-2022,supplier
Sistemas de Energía Internacional,FSEI-2729-2022,supplier
Sistemas de Energía Internacional,FSEI-2730-2022,supplier
Sistemas de Energía Internacional,FSEI-2731-2022,supplier
Sistemas de Energía Internacional,FSEI-2732-2022,supplier
Sistemas de Energía Internacional,FSEI-2733-2022,supplier
SSNL Servicios Sustentables NL,FBNL-969-2022,supplier
SSNL Servicios Sustentables NL,ABNL-92-2022,supplier
SSNL Servicios Sustentables NL,FBNL-985-2022,supplier
SSNL Servicios Sustentables NL,FBNL-986-2022,supplier
SSNL Servicios Sustentables NL,ABNL-77-2022,supplier
SSNL Servicios Sustentables NL,ABNL-107-2022,supplier
SSNL Servicios Sustentables NL,ABNL-102-2022,supplier
Sistemas de Energía Internacional,ASEI-228-2022,supplier
Sistemas de Energía Internacional,FSEI-2589-2022,supplier
Sistemas de Energía Internacional,FSEI-2590-2022,supplier
Sistemas de Energía Internacional,FSEI-2592-2022,supplier
Sistemas de Energía Internacional,FSEI-2595-2022,supplier
Sistemas de Energía Internacional,FSEI-2596-2022,supplier
Sistemas de Energía Internacional,FSEI-2597-2022,supplier
Sistemas de Energía Internacional,FSEI-2598-2022,supplier
Sistemas de Energía Internacional,FSEI-2599-2022,supplier
Sistemas de Energía Internacional,FSEI-2600-2022,supplier
"Environment & Society, S.A. de C.V.",FEAS-386-2022,supplier
"Environment & Society, S.A. de C.V.",FEAS-381-2022,supplier
"Environment & Society, S.A. de C.V.",FEAS-382-2022,supplier
"Environment & Society, S.A. de C.V.",FEAS-383-2022,supplier
"Environment & Society, S.A. de C.V.",FEAS-384-2022,supplier
"Environment & Society, S.A. de C.V.",FEAS-385-2022,supplier
"Environment & Society, S.A. de C.V.",FEAS-387-2022,supplier
Gentor Servicios,FGS-618-2022,supplier
Gentor Servicios,FGS-619-2022,supplier
SSNL Servicios Sustentables NL,ABNL-106-2022,supplier
SSNL Servicios Sustentables NL,ABNL-105-2022,supplier
Sistemas de Energía Internacional,FSEI-2753-2022,supplier
Sistemas de Energía Internacional,FSEI-2743-2022,supplier
Sistemas de Energía Internacional,ASEI-211-2022,supplier
Rec y Disp de Desechos Amb S.A. de C.V.,FECO-710-2022,supplier
Sistemas de Energía Internacional,ASEI-209-2022,supplier
Gentor Servicios,AGSE-21-2022,supplier
Sistemas de Energía Internacional,ASEI-215-2022,supplier
Sistemas de Energía Internacional,FSEI-2754-2022,supplier
Sistemas de Energía Internacional,ASEI-222-2022,supplier
Sistemas de Energía Internacional,FSEI-2626-2022,supplier
Sistemas de Energía Internacional,FSEI-2627-2022,supplier
Sistemas de Energía Internacional,ASEI-227-2022,supplier
Sistemas de Energía Internacional,ASEI-223-2022,supplier
Sistemas de Energía Internacional,ASEI-224-2022,supplier
Sistemas de Energía Internacional,ASEI-225-2022,supplier
Sistemas de Energía Internacional,ASEI-226-2022,supplier
SSNL Servicios Sustentables NL,FBNL-987-2022,supplier
SSNL Servicios Sustentables NL,FBNL-988-2022,supplier
SSNL Servicios Sustentables NL,FBNL-989-2022,supplier
SSNL Servicios Sustentables NL,FBNL-990-2022,supplier
SSNL Servicios Sustentables NL,ABNL-93-2022,supplier
SSNL Servicios Sustentables NL,FBNL-991-2022,supplier
Sistemas de Energía Internacional,ASEI-221-2022,supplier
Sistemas de Energía Internacional,FSEI-2493-2022,supplier
Sistemas de Energía Internacional,FSEI-2494-2022,supplier
SSNL Servicios Sustentables NL,FBNL-992-2022,supplier
SSNL Servicios Sustentables NL,FBNL-993-2022,supplier
Sistemas de Energía Internacional,FSEI-2288-2022,supplier
SSNL Servicios Sustentables NL,FBNL-994-2022,supplier
SSNL Servicios Sustentables NL,FBNL-995-2022,supplier
Ingenieria y Mejoramiento Ambiental,FHYD-773-2022,supplier
Ingenieria y Mejoramiento Ambiental,FHYD-774-2022,supplier
"Land Operation, S.A. de C.V.",FLAN-162-2022,supplier
"Land Operation, S.A. de C.V.",FLAN-163-2022,supplier
"Land Operation, S.A. de C.V.",FLAN-166-2022,supplier
"Land Operation, S.A. de C.V.",FLAN-165-2022,supplier
"Land Operation, S.A. de C.V.",FLAN-167-2022,supplier
Sistemas de Energía Internacional,FSEI-2612-2022,supplier
Sistemas de Energía Internacional,FSEI-2613-2022,supplier
Sistemas de Energía Internacional,FSEI-2614-2022,supplier
Rec y Disp de Desechos Amb S.A. de C.V.,FECO-711-2022,supplier
Sistemas de Energía Internacional,FSEI-2617-2022,supplier
Sistemas de Energía Internacional,FSEI-2618-2022,supplier
Sistemas de Energía Internacional,FSEI-2619-2022,supplier
"Environment & Society, S.A. de C.V.",FEAS-388-2022,supplier
Gentor,FGEN-1111-2022,supplier
Domos Telecomunicaciones S.A. de C.V.,FDT-468-2022,supplier
Domos Telecomunicaciones S.A. de C.V.,FDT-469-2022,supplier
Sistemas de Energía Internacional,ASEI-207-2022,supplier
Sistemas de Energía Internacional,ASEI-203-2022,supplier
Sistemas de Energía Internacional,ASEI-208-2022,supplier
Sistemas de Energía Internacional,ASEI-204-2022,supplier
Sistemas de Energía Internacional,ASEI-216-2022,supplier
Sistemas de Energía Internacional,FSEI-2641-2022,supplier
Sistemas de Energía Internacional,FSEI-2643-2022,supplier
"Land Operation, S.A. de C.V.",FLAN-168-2022,supplier
"Environment & Society, S.A. de C.V.",FEAS-395-2022,supplier
"Land Operation, S.A. de C.V.",FLAN-169-2022,supplier
Sistemas de Energía Internacional,FSEI-2659-2022,supplier
"Environment & Society, S.A. de C.V.",FEAS-396-2022,supplier
SERVICIOS CORPORATIVOS GENTOR,2607,supplier
"Environment & Society, S.A. de C.V.",FEAS-397-2022,supplier
SSNL Servicios Sustentables NL,FBNL-952-2022,supplier
SSNL Servicios Sustentables NL,FBNL-953-2022,supplier
SSNL Servicios Sustentables NL,FBNL-951-2022,supplier
SSNL Servicios Sustentables NL,FBNL-954-2022,supplier
Sistemas de Energía Internacional,FSEI-2575-2022,supplier
SSNL Servicios Sustentables NL,FBNL-968-2022,supplier
Gentor Servicios,AGSE-24-2022,supplier
Gentor Servicios,AGSE-22-2022,supplier
Seisa Servicios y Tecnología,FSST-189-2022,supplier
Sistemas de Energía Internacional,FSEI-2516-2022,supplier
Sistemas de Energía Internacional,FSEI-2574-2022,supplier
Sistemas de Energía Internacional,FSEI-2430-2022,supplier
Seisa Servicios y Tecnología,FSST-190-2022,supplier
Seisa Servicios y Tecnología,FSST-191-2022,supplier
Gentor Servicios,AGSE-23-2022,supplier
Seisa Servicios y Tecnología,FSST-192-2022,supplier
Seisa Servicios y Tecnología,FSST-193-2022,supplier
Sistemas de Energía Internacional,FSEI-2573-2022,supplier
Gentor,FGEN-1125-2022,supplier
Gentor,FGEN-1126-2022,supplier
Gentor,FGEN-1127-2022,supplier
Gentor,FGEN-1128-2022,supplier
Sistemas de Energía Internacional,FSEI-2550-2022,supplier
Sistemas de Energía Internacional,FSEI-2554-2022,supplier
Sistemas de Energía Internacional,FSEI-2407-2022,supplier
Sistemas de Energía Internacional,FSEI-2623-2022,supplier
Sistemas de Energía Internacional,ASEI-205-2022,supplier
Sistemas de Energía Internacional,FSEI-2624-2022,supplier
Sistemas de Energía Internacional,FSEI-2628-2022,supplier
Gentor Servicios,FGS-624-2022,supplier
Sistemas de Energía Internacional,FSEI-2625-2022,supplier
Sistemas de Energía Internacional,FSEI-2629-2022,supplier
Sistemas de Energía Internacional,FSEI-2630-2022,supplier
Sistemas de Energía Internacional,FSEI-2631-2022,supplier
Sistemas de Energía Internacional,FSEI-2632-2022,supplier
Sistemas de Energía Internacional,FSEI-2633-2022,supplier
Gentor,FGEN-1129-2022,supplier
Sistemas de Energía Internacional,FSEI-2634-2022,supplier
Sistemas de Energía Internacional,ASEI-206-2022,supplier
Sistemas de Energía Internacional,FSEI-2635-2022,supplier
Sistemas de Energía Internacional,FSEI-2636-2022,supplier
Seisa Servicios y Tecnología,FSST-188-2022,supplier
Sistemas de Energía Internacional,ASEI-210-2022,supplier
Sistemas de Energía Internacional,ASEI-212-2022,supplier
Sistemas de Energía Internacional,ASEI-213-2022,supplier
Sistemas de Energía Internacional,ASEI-214-2022,supplier
Sistemas de Energía Internacional,FSEI-2637-2022,supplier
Sistemas de Energía Internacional,FSEI-2651-2022,supplier
"Environment & Society, S.A. de C.V.",FEAS-393-2022,supplier
"Environment & Society, S.A. de C.V.",FEAS-389-2022,supplier
"Environment & Society, S.A. de C.V.",FEAS-390-2022,supplier
"Environment & Society, S.A. de C.V.",FEAS-391-2022,supplier
"Environment & Society, S.A. de C.V.",FEAS-394-2022,supplier
Sistemas de Energía Internacional,FSEI-2756-2022,supplier
Sistemas de Energía Internacional,FSEI-2424-2022,supplier
SSNL Servicios Sustentables NL,FBNL-997-2022,supplier
SSNL Servicios Sustentables NL,FBNL-996-2022,supplier
Rec y Disp de Desechos Amb S.A. de C.V.,FECO-712-2022,supplier
SSNL Servicios Sustentables NL,FBNL-999-2022,supplier
SSNL Servicios Sustentables NL,FBNL-998-2022,supplier
Gentor,FGEN-1034-2022,supplier
Bionergía de Nuevo León,FBNL-1001-2022,supplier
Bionergía de Nuevo León,FBNL-927-2022,supplier
SSNL Servicios Sustentables NL,FBNL-1000-2022,supplier
Sistemas de Energía Internacional,FSEI-2755-2022,supplier
Sistemas de Energía Internacional,ASEI-217-2022,supplier
Rec y Disp de Desechos Amb S.A. de C.V.,FECO-671-2022,supplier
Sistemas de Energía Internacional,ASEI-229-2022,supplier
Sistemas de Energía Internacional,ASEI-230-2022,supplier
Rec y Disp de Desechos Amb S.A. de C.V.,AECO-22-2022,supplier
Rec y Disp de Desechos Amb S.A. de C.V.,FECO-697-2022,supplier
Rec y Disp de Desechos Amb S.A. de C.V.,FECO-698-2022,supplier
Rec y Disp de Desechos Amb S.A. de C.V.,FECO-696-2022,supplier
Rec y Disp de Desechos Amb S.A. de C.V.,FECO-684-2022,supplier
Inge y Mejor Ambiental S.A. de C.V.,FHYD-799-2022,supplier
Inge y Mejor Ambiental S.A. de C.V.,FHYD-800-2022,supplier
Gentor,FGEN-1132-2022,supplier
Gentor,FGEN-1133-2022,supplier
Gentor,FGEN-1134-2022,supplier
SERVICIOS CORPORATIVOS GENTOR,2611,supplier
Gentor,FGEN-1135-2022,supplier
Gentor,FGEN-1136-2022,supplier
Gentor,FGEN-1137-2022,supplier
Domos Telecomunicaciones S.A. de C.V.,FDT-454-2022,supplier
Gentor,FGEN-1138-2022,supplier
Gentor,FGEN-1139-2022,supplier
Gentor,FGEN-1140-2022,supplier
Gentor,FGEN-1141-2022,supplier
Gentor,FGEN-1142-2022,supplier
Gentor,FGEN-1143-2022,supplier
Gentor,FGEN-1144-2022,supplier
Rec y Disp de Desechos Amb S.A. de C.V.,FECO-718-2022,supplier
Gentor,FGEN-1145-2022,supplier
Gentor,FGEN-1146-2022,supplier
Rec y Disp de Desechos Amb S.A. de C.V.,FECO-719-2022,supplier
Gentor,FGEN-1147-2022,supplier
Gentor,FGEN-1148-2022,supplier
Gentor,FGEN-1149-2022,supplier
Gentor,FGEN-1150-2022,supplier
Rec y Disp de Desechos Amb S.A. de C.V.,FECO-721-2022,supplier
Rec y Disp de Desechos Amb S.A. de C.V.,FECO-713-2022,supplier
Rec y Disp de Desechos Amb S.A. de C.V.,FECO-692-2022,supplier
Rec y Disp de Desechos Amb S.A. de C.V.,FECO-669-2022,supplier
Rec y Disp de Desechos Amb S.A. de C.V.,FECO-686-2022,supplier
Rec y Disp de Desechos Amb S.A. de C.V.,FECO-699-2022,supplier
SSNL Servicios Sustentables NL,FBNL-1002-2022,supplier
Bionergía de Nuevo León,FBNL-1003-2022,supplier
Rec y Disp de Desechos Amb S.A. de C.V.,FECO-724-2022,supplier
Rec y Disp de Desechos Amb S.A. de C.V.,FECO-725-2022,supplier
Rec y Disp de Desechos Amb S.A. de C.V.,FECO-722-2022,supplier
Rec y Disp de Desechos Amb S.A. de C.V.,FECO-723-2022,supplier
Rec y Disp de Desechos Amb S.A. de C.V.,FECO-726-2022,supplier
Sistemas de Energía Internacional,ASEI-231-2022,supplier
Rec y Disp de Desechos Amb S.A. de C.V.,FECO-727-2022,supplier
Rec y Disp de Desechos Amb S.A. de C.V.,FECO-728-2022,supplier
Rec y Disp de Desechos Amb S.A. de C.V.,FECO-717-2022,supplier
Rec y Disp de Desechos Amb S.A. de C.V.,FECO-693-2022,supplier
Rec y Disp de Desechos Amb S.A. de C.V.,AECO-23-2022,supplier
Rec y Disp de Desechos Amb S.A. de C.V.,FECO-729-2022,supplier
Rec y Disp de Desechos Amb S.A. de C.V.,FECO-700-2022,supplier
Rec y Disp de Desechos Amb S.A. de C.V.,FECO-701-2022,supplier
SSNL Servicios Sustentables NL,ABNL-108-2022,supplier
SSNL Servicios Sustentables NL,ABNL-91-2022,supplier
Sistemas de Energía Internacional,FSEI-2763-2022,supplier
Rec y Disp de Desechos Amb S.A. de C.V.,FECO-730-2022,supplier
Rec y Disp de Desechos Amb S.A. de C.V.,FECO-731-2022,supplier
Rec y Disp de Desechos Amb S.A. de C.V.,FECO-733-2022,supplier
Rec y Disp de Desechos Amb S.A. de C.V.,FECO-732-2022,supplier
Rec y Disp de Desechos Amb S.A. de C.V.,FECO-734-2022,supplier
Rec y Disp de Desechos Amb S.A. de C.V.,FECO-715-2022,supplier
Rec y Disp de Desechos Amb S.A. de C.V.,FECO-716-2022,supplier
Domos Telecomunicaciones S.A. de C.V.,FDT-473-2022,supplier
Domos Telecomunicaciones S.A. de C.V.,FDT-472-2022,supplier
Domos Telecomunicaciones S.A. de C.V.,FDT-471-2022,supplier
Domos Telecomunicaciones S.A. de C.V.,FDT-470-2022,supplier
SSNL Servicios Sustentables NL,FBNL-1004-2022,supplier
SSNL Servicios Sustentables NL,FBNL-980-2022,supplier
SSNL Servicios Sustentables NL,FBNL-1005-2022,supplier
SSNL Servicios Sustentables NL,ABNL-110-2022,supplier
SSNL Servicios Sustentables NL,ABNL-109-2022,supplier
Sistemas de Energía Internacional,FSEI-2764-2022,supplier
Sistemas de Energía Internacional,FSEI-2765-2022,supplier
Sistemas de Energía Internacional,FSEI-2766-2022,supplier
Sistemas de Energía Internacional,FSEI-2767-2022,supplier
Sistemas de Energía Internacional,FSEI-2768-2022,supplier
Sistemas de Energía Internacional,FSEI-2769-2022,supplier
Sistemas de Energía Internacional,FSEI-2770-2022,supplier
Sistemas de Energía Internacional,FSEI-2771-2022,supplier
Sistemas de Energía Internacional,FSEI-2772-2022,supplier
Sistemas de Energía Internacional,FSEI-2774-2022,supplier
SSNL Servicios Sustentables NL,FBNL-1006-2022,supplier
Gentor Servicios,FGS-625-2022,supplier
Gentor Servicios,FGS-626-2022,supplier
Ingenieria y Mejoramiento Ambiental,FHYD-823-2022,supplier
Ingenieria y Mejoramiento Ambiental,FHYD-824-2022,supplier
Ingenieria y Mejoramiento Ambiental,FHYD-825-2022,supplier
Ingenieria y Mejoramiento Ambiental,FHYD-822-2022,supplier
Ingenieria y Mejoramiento Ambiental,FHYD-821-2022,supplier
Ingenieria y Mejoramiento Ambiental,FHYD-801-2022,supplier
Ingenieria y Mejoramiento Ambiental,FHYD-784-2022,supplier
Inge y Mejor Ambiental S.A. de C.V.,FHYD-807-2022,supplier
Inge y Mejor Ambiental S.A. de C.V.,FHYD-803-2022,supplier
Inge y Mejor Ambiental S.A. de C.V.,FHYD-809-2022,supplier
Inge y Mejor Ambiental S.A. de C.V.,FHYD-804-2022,supplier
Inge y Mejor Ambiental S.A. de C.V.,FHYD-805-2022,supplier
Inge y Mejor Ambiental S.A. de C.V.,FHYD-806-2022,supplier
Ingenieria y Mejoramiento Ambiental,FHYD-810-2022,supplier
Inge y Mejor Ambiental S.A. de C.V.,FHYD-808-2022,supplier
Inge y Mejor Ambiental S.A. de C.V.,FHYD-811-2022,supplier
Inge y Mejor Ambiental S.A. de C.V.,FHYD-812-2022,supplier
Ingenieria y Mejoramiento Ambiental,FHYD-813-2022,supplier
Inge y Mejor Ambiental S.A. de C.V.,FHYD-814-2022,supplier
Inge y Mejor Ambiental S.A. de C.V.,FHYD-815-2022,supplier
Inge y Mejor Ambiental S.A. de C.V.,FHYD-816-2022,supplier
Inge y Mejor Ambiental S.A. de C.V.,FHYD-817-2022,supplier
Ingenieria y Mejoramiento Ambiental,FHYD-819-2022,supplier
Ingenieria y Mejoramiento Ambiental,FHYD-818-2022,supplier
Ingenieria y Mejoramiento Ambiental,FHYD-820-2022,supplier
Ingenieria y Mejoramiento Ambiental,FHYD-826-2022,supplier
Rec y Disp de Desechos Amb S.A. de C.V.,FECO-743-2022,supplier
Rec y Disp de Desechos Amb S.A. de C.V.,FECO-744-2022,supplier
Rec y Disp de Desechos Amb S.A. de C.V.,FECO-745-2022,supplier
Rec y Disp de Desechos Amb S.A. de C.V.,FECO-746-2022,supplier
Rec y Disp de Desechos Amb S.A. de C.V.,FECO-747-2022,supplier
Rec y Disp de Desechos Amb S.A. de C.V.,FECO-748-2022,supplier
Rec y Disp de Desechos Amb S.A. de C.V.,FECO-749-2022,supplier
Rec y Disp de Desechos Amb S.A. de C.V.,FECO-751-2022,supplier
Rec y Disp de Desechos Amb S.A. de C.V.,FECO-752-2022,supplier
Rec y Disp de Desechos Amb S.A. de C.V.,FECO-753-2022,supplier
Rec y Disp de Desechos Amb S.A. de C.V.,FECO-750-2022,supplier
Rec y Disp de Desechos Amb S.A. de C.V.,FECO-754-2022,supplier
Rec y Disp de Desechos Amb S.A. de C.V.,FECO-755-2022,supplier
Sistemas de Energía Internacional,FSEI-2776-2022,supplier
Rec y Disp de Desechos Amb S.A. de C.V.,FECO-738-2022,supplier
Rec y Disp de Desechos Amb S.A. de C.V.,FECO-741-2022,supplier
Rec y Disp de Desechos Amb S.A. de C.V.,FECO-739-2022,supplier
Rec y Disp de Desechos Amb S.A. de C.V.,FECO-740-2022,supplier
Sistemas de Energía Internacional,FSEI-2777-2022,supplier
Rec y Disp de Desechos Amb S.A. de C.V.,FECO-737-2022,supplier
Rec y Disp de Desechos Amb S.A. de C.V.,FECO-742-2022,supplier
Rec y Disp de Desechos Amb S.A. de C.V.,FECO-720-2022,supplier
Rec y Disp de Desechos Amb S.A. de C.V.,FECO-694-2022,supplier
Sistemas de Energía Internacional,ASEI-232-2022,supplier
Sistemas de Energía Internacional,FSEI-2778-2022,supplier
Ingenieria y Mejoramiento Ambiental,FHYD-802-2022,supplier
Sistemas de Energía Internacional,FSEI-2780-2022,supplier
Rec y Disp de Desechos Amb S.A. de C.V.,FECO-756-2022,supplier
Rec y Disp de Desechos Amb S.A. de C.V.,FECO-736-2022,supplier
Rec y Disp de Desechos Amb S.A. de C.V.,FECO-757-2022,supplier
Sistemas de Energía Internacional,FSEI-2523-2022,supplier
Sistemas de Energía Internacional,FSEI-2522-2022,supplier
Rec y Disp de Desechos Amb S.A. de C.V.,FECO-735-2022,supplier
Domos Telecomunicaciones S.A. de C.V.,FDT-474-2022,supplier
Domos Telecomunicaciones S.A. de C.V.,FDT-475-2022,supplier
Domos Telecomunicaciones S.A. de C.V.,FDT-476-2022,supplier
Domos Telecomunicaciones S.A. de C.V.,FDT-477-2022,supplier
Domos Telecomunicaciones S.A. de C.V.,FDT-478-2022,supplier
Domos Telecomunicaciones S.A. de C.V.,FDT-479-2022,supplier
Domos Telecomunicaciones S.A. de C.V.,FDT-480-2022,supplier
Sistemas de Energía Internacional,FSEI-2537-2022,supplier
Sistemas de Energía Internacional,FSEI-2531-2022,supplier
Sistemas de Energía Internacional,FSEI-2529-2022,supplier
Sistemas de Energía Internacional,FSEI-2530-2022,supplier
Sistemas de Energía Internacional,FSEI-2476-2022,supplier
Sistemas de Energía Internacional,FSEI-2477-2022,supplier
Sistemas de Energía Internacional,FSEI-2395-2022,supplier
Sistemas de Energía Internacional,FSEI-2397-2022,supplier
Domos Telecomunicaciones S.A. de C.V.,FDT-481-2022,supplier
Sistemas de Energía Internacional,FSEI-2398-2022,supplier
Sistemas de Energía Internacional,FSEI-2389-2022,supplier
Sistemas de Energía Internacional,FSEI-2539-2022,supplier
Sistemas de Energía Internacional,FSEI-2388-2022,supplier
Sistemas de Energía Internacional,FSEI-2532-2022,supplier
Sistemas de Energía Internacional,FSEI-2546-2022,supplier
Sistemas de Energía Internacional,FSEI-2526-2022,supplier
Sistemas de Energía Internacional,FSEI-2534-2022,supplier
Sistemas de Energía Internacional,FSEI-2474-2022,supplier
Sistemas de Energía Internacional,FSEI-2396-2022,supplier
Sistemas de Energía Internacional,FSEI-2401-2022,supplier
Sistemas de Energía Internacional,FSEI-2542-2022,supplier
SSNL Servicios Sustentables NL,FBNL-884-2022,supplier
SSNL Servicios Sustentables NL,FBNL-889-2022,supplier
SSNL Servicios Sustentables NL,FBNL-890-2022,supplier
SSNL Servicios Sustentables NL,FBNL-886-2022,supplier
SSNL Servicios Sustentables NL,FBNL-887-2022,supplier
SSNL Servicios Sustentables NL,FBNL-888-2022,supplier
SSNL Servicios Sustentables NL,FBNL-891-2022,supplier
SSNL Servicios Sustentables NL,FBNL-892-2022,supplier
SSNL Servicios Sustentables NL,FBNL-893-2022,supplier
SSNL Servicios Sustentables NL,FBNL-895-2022,supplier
SSNL Servicios Sustentables NL,FBNL-896-2022,supplier
SSNL Servicios Sustentables NL,FBNL-912-2022,supplier
SSNL Servicios Sustentables NL,FBNL-913-2022,supplier
SSNL Servicios Sustentables NL,FBNL-916-2022,supplier
SSNL Servicios Sustentables NL,FBNL-940-2022,supplier
SSNL Servicios Sustentables NL,FBNL-941-2022,supplier
SSNL Servicios Sustentables NL,FBNL-811-2022,supplier
SSNL Servicios Sustentables NL,FBNL-894-2022,supplier
SSNL Servicios Sustentables NL,FBNL-945-2022,supplier
Sistemas de Energía Internacional,FSEI-2644-2022,supplier
SSNL Servicios Sustentables NL,FBNL-1007-2022,supplier
SSNL Servicios Sustentables NL,FBNL-1008-2022,supplier
SSNL Servicios Sustentables NL,FBNL-1009-2022,supplier
SSNL Servicios Sustentables NL,FBNL-1013-2022,supplier
SSNL Servicios Sustentables NL,FBNL-1010-2022,supplier
SSNL Servicios Sustentables NL,FBNL-1012-2022,supplier
SSNL Servicios Sustentables NL,FBNL-1011-2022,supplier
SSNL Servicios Sustentables NL,FBNL-1014-2022,supplier
SSNL Servicios Sustentables NL,FBNL-1015-2022,supplier
SSNL Servicios Sustentables NL,FBNL-1017-2022,supplier
Sistemas de Energía Internacional,FSEI-2779-2022,supplier
Gentor,FGEN-1151-2022,supplier
Gentor,FGEN-1152-2022,supplier
"Environment & Society, S.A. de C.V.",FEAS-400-2022,supplier
"Environment & Society, S.A. de C.V.",FEAS-401-2022,supplier
"Environment & Society, S.A. de C.V.",FEAS-402-2022,supplier
"Environment & Society, S.A. de C.V.",FEAS-403-2022,supplier
"Environment & Society, S.A. de C.V.",FEAS-404-2022,supplier
Sistemas de Energía Internacional,FSEI-2781-2022,supplier
Sistemas de Energía Internacional,FSEI-2782-2022,supplier
Sistemas de Energía Internacional,FSEI-2783-2022,supplier
Sistemas de Energía Internacional,FSEI-2775-2022,supplier
Sistemas de Energía Internacional,FSEI-2784-2022,supplier
Sistemas de Energía Internacional,FSEI-2757-2022,supplier
Sistemas de Energía Internacional,FSEI-2758-2022,supplier
Sistemas de Energía Internacional,FSEI-2785-2022,supplier
Sistemas de Energía Internacional,FSEI-2591-2022,supplier
Sistemas de Energía Internacional,FSEI-2620-2022,supplier
Sistemas de Energía Internacional,FSEI-2585-2022,supplier
Sistemas de Energía Internacional,FSEI-2593-2022,supplier
Sistemas de Energía Internacional,FSEI-2594-2022,supplier
Sistemas de Energía Internacional,FSEI-2535-2022,supplier
Sistemas de Energía Internacional,FSEI-2527-2022,supplier
Sistemas de Energía Internacional,FSEI-2642-2022,supplier
Sistemas de Energía Internacional,FSEI-2786-2022,supplier
Sistemas de Energía Internacional,FSEI-2787-2022,supplier
Sistemas de Energía Internacional,FSEI-2788-2022,supplier
Seisa Servicios y Tecnología,FSST-202-2022,supplier
Sistemas de Energía Internacional,FSEI-2601-2022,supplier
Sistemas de Energía Internacional,FSEI-2621-2022,supplier
Sistemas de Energía Internacional,FSEI-2639-2022,supplier
Sistemas de Energía Internacional,FSEI-2640-2022,supplier
Sistemas de Energía Internacional,FSEI-2761-2022,supplier
Sistemas de Energía Internacional,FSEI-2762-2022,supplier
Sistemas de Energía Internacional,FSEI-2759-2022,supplier
Sistemas de Energía Internacional,FSEI-2760-2022,supplier
SSNL Servicios Sustentables NL,FBNL-914-2022,supplier
SSNL Servicios Sustentables NL,FBNL-942-2022,supplier
SSNL Servicios Sustentables NL,FBNL-932-2022,supplier
Seisa Servicios y Tecnología,FSST-203-2022,supplier
SSNL Servicios Sustentables NL,FBNL-946-2022,supplier
Sistemas de Energía Internacional,FSEI-2789-2022,supplier
Sistemas de Energía Internacional,FSEI-2790-2022,supplier
Sistemas de Energía Internacional,FSEI-2791-2022,supplier
Sistemas de Energía Internacional,FSEI-2792-2022,supplier
Sistemas de Energía Internacional,FSEI-2793-2022,supplier
SSNL Servicios Sustentables NL,FBNL-963-2022,supplier
SSNL Servicios Sustentables NL,FBNL-934-2022,supplier
SSNL Servicios Sustentables NL,FBNL-956-2022,supplier
SSNL Servicios Sustentables NL,FBNL-915-2022,supplier
Domos Telecomunicaciones S.A. de C.V.,FDT-482-2022,supplier
Domos Telecomunicaciones S.A. de C.V.,FDT-483-2022,supplier
Domos Telecomunicaciones S.A. de C.V.,FDT-484-2022,supplier
Domos Telecomunicaciones S.A. de C.V.,FDT-485-2022,supplier
Rec y Disp de Desechos Amb S.A. de C.V.,FECO-758-2022,supplier
Domos Telecomunicaciones S.A. de C.V.,FDT-486-2022,supplier
Rec y Disp de Desechos Amb S.A. de C.V.,FECO-759-2022,supplier
Domos Telecomunicaciones S.A. de C.V.,FDT-487-2022,supplier
Rec y Disp de Desechos Amb S.A. de C.V.,FECO-760-2022,supplier
Rec y Disp de Desechos Amb S.A. de C.V.,FECO-761-2022,supplier
Domos Telecomunicaciones S.A. de C.V.,FDT-488-2022,supplier
Domos Telecomunicaciones S.A. de C.V.,FDT-489-2022,supplier
Rec y Disp de Desechos Amb S.A. de C.V.,FECO-762-2022,supplier
Rec y Disp de Desechos Amb S.A. de C.V.,FECO-763-2022,supplier
Rec y Disp de Desechos Amb S.A. de C.V.,AECO-24-2022,supplier
Rec y Disp de Desechos Amb S.A. de C.V.,FECO-764-2022,supplier
Ingenieria y Mejoramiento Ambiental,FHYD-868-2022,supplier
Ingenieria y Mejoramiento Ambiental,FHYD-866-2022,supplier
Ingenieria y Mejoramiento Ambiental,FHYD-869-2022,supplier
Ingenieria y Mejoramiento Ambiental,FHYD-867-2022,supplier
Rec y Disp de Desechos Amb S.A. de C.V.,FECO-765-2022,supplier
Sistemas de Energía Internacional,FSEI-2795-2022,supplier
Sistemas de Energía Internacional,FSEI-2796-2022,supplier
Sistemas de Energía Internacional,FSEI-2797-2022,supplier
Sistemas de Energía Internacional,FSEI-2798-2022,supplier
Sistemas de Energía Internacional,FSEI-2799-2022,supplier
Sistemas de Energía Internacional,FSEI-2800-2022,supplier
Sistemas de Energía Internacional,FSEI-2801-2022,supplier
Sistemas de Energía Internacional,FSEI-2803-2022,supplier
Rec y Disp de Desechos Amb S.A. de C.V.,FECO-766-2022,supplier
Sistemas de Energía Internacional,FSEI-2804-2022,supplier
Rec y Disp de Desechos Amb S.A. de C.V.,FECO-767-2022,supplier
Rec y Disp de Desechos Amb S.A. de C.V.,FECO-768-2022,supplier
Sistemas de Energía Internacional,FSEI-2805-2022,supplier
Rec y Disp de Desechos Amb S.A. de C.V.,FECO-769-2022,supplier
Rec y Disp de Desechos Amb S.A. de C.V.,FECO-770-2022,supplier
Sistemas de Energía Internacional,FSEI-2806-2022,supplier
Sistemas de Energía Internacional,FSEI-2807-2022,supplier
Sistemas de Energía Internacional,FSEI-2808-2022,supplier
Sistemas de Energía Internacional,FSEI-2809-2022,supplier
Sistemas de Energía Internacional,FSEI-2810-2022,supplier
Rec y Disp de Desechos Amb S.A. de C.V.,FECO-771-2022,supplier
SSNL Servicios Sustentables NL,FBNL-1020-2022,supplier
Rec y Disp de Desechos Amb S.A. de C.V.,FECO-772-2022,supplier
SSNL Servicios Sustentables NL,FBNL-1021-2022,supplier
SSNL Servicios Sustentables NL,FBNL-1022-2022,supplier
SSNL Servicios Sustentables NL,FBNL-1023-2022,supplier
Rec y Disp de Desechos Amb S.A. de C.V.,FECO-773-2022,supplier
Rec y Disp de Desechos Amb S.A. de C.V.,FECO-774-2022,supplier
Rec y Disp de Desechos Amb S.A. de C.V.,FECO-775-2022,supplier
Rec y Disp de Desechos Amb S.A. de C.V.,FECO-777-2022,supplier
Rec y Disp de Desechos Amb S.A. de C.V.,FECO-778-2022,supplier
Sistemas de Energía Internacional,FSEI-2811-2022,supplier
Sistemas de Energía Internacional,FSEI-2812-2022,supplier
"Environment & Society, S.A. de C.V.",2624,supplier
"Environment & Society, S.A. de C.V.",FEAS-405-2022,supplier
Gentor,FGEN-1153-2022,supplier
Gentor,FGEN-1154-2022,supplier
Gentor,FGEN-1155-2022,supplier
Gentor,FGEN-1156-2022,supplier
Rec y Disp de Desechos Amb S.A. de C.V.,FECO-779-2022,supplier
Gentor,2625,supplier
Gentor,FGEN-1109-2022,supplier
Gentor,FGEN-1157-2022,supplier
Ingenieria y Mejoramiento Ambiental,AHYD-12-2022,supplier
Ingenieria y Mejoramiento Ambiental,AHYD-13-2022,supplier
Ingenieria y Mejoramiento Ambiental,AHYD-14-2022,supplier
Ingenieria y Mejoramiento Ambiental,AHYD-15-2022,supplier
"Land Operation, S.A. de C.V.",FLAN-171-2022,supplier
Sistemas de Energía Internacional,FSEI-2813-2022,supplier
"Land Operation, S.A. de C.V.",FLAN-172-2022,supplier
"Land Operation, S.A. de C.V.",FLAN-173-2022,supplier
Sistemas de Energía Internacional,FSEI-2814-2022,supplier
"Land Operation, S.A. de C.V.",FLAN-174-2022,supplier
"Land Operation, S.A. de C.V.",2626,supplier
"Land Operation, S.A. de C.V.",FLAN-175-2022,supplier
"Land Operation, S.A. de C.V.",FLAN-176-2022,supplier
Sistemas de Energía Internacional,FSEI-2815-2022,supplier
Sistemas de Energía Internacional,FSEI-2816-2022,supplier
Sistemas de Energía Internacional,FSEI-2817-2022,supplier
Sistemas de Energía Internacional,FSEI-2818-2022,supplier
Sistemas de Energía Internacional,FSEI-2819-2022,supplier
Sistemas de Energía Internacional,FSEI-2820-2022,supplier
